"","lon","lat","AOD","DQF","hour"
"167",-70.21672,43.51129,0.196506119944388,0,10
"169",-70.16408,43.511868,0.171418679106864,0,10
"170",-70.1377,43.512444,0.149535838376323,0,10
"171",-70.111374,43.51274,0.198428880008578,0,10
"172",-70.08506,43.51296,0.14770463831519,0,10
"173",-70.05873,43.51321,0.148162438330473,0,10
"174",-70.0324,43.513485,0.14990207838855,0,10
"414",-70.32458,43.480587,0.198062639996351,0,10
"415",-70.29827,43.480873,0.135618717911711,0,10
"416",-70.271996,43.481014,0.199161360033031,0,10
"417",-70.24566,43.481533,0.131223837764992,0,10
"419",-70.19305,43.482094,0.149810518385493,0,10
"420",-70.16676,43.48221,0.119595717376797,0,10
"421",-70.14043,43.48266,0.197696399984125,0,10
"422",-70.11412,43.482925,0.14935271837021,0,10
"423",-70.087814,43.483162,0.1189547973554,0,10
"424",-70.06151,43.483425,0.149993638391607,0,10
"425",-70.03516,43.4839,0.14907803836104,0,10
"426",-70.00885,43.484116,0.137449917972845,0,10
"665",-70.32717,43.450985,0.229742401053954,0,10
"666",-70.30088,43.4513,0.194217119867972,0,10
"668",-70.24833,43.451717,0.137266797966731,0,10
"669",-70.22209,43.45171,0.133146597829182,0,10
"670",-70.19575,43.4523,0.146697478281567,0,10
"671",-70.1695,43.452286,0.14907803836104,0,10
"672",-70.14316,43.45287,0.149535838376323,0,10
"673",-70.11687,43.453136,0.144225358199037,0,10
"674",-70.09057,43.453377,0.14962739837938,0,10
"675",-70.06428,43.453636,0.140196718064544,0,10
"676",-70.03794,43.454086,0.146148118263227,0,10
"677",-70.01165,43.454334,0.148345558336587,0,10
"916",-70.32976,43.421413,0.149718958382437,0,10
"917",-70.303474,43.421734,0.169953719057958,0,10
"918",-70.27725,43.421738,0.199710720051371,0,10
"919",-70.25092,43.422344,0.185793599586759,0,10
"920",-70.22469,43.422363,0.149993638391607,0,10
"921",-70.19837,43.42293,0.149810518385493,0,10
"922",-70.172134,43.422913,0.149718958382437,0,10
"923",-70.14586,43.42319,0.14935271837021,0,10
"924",-70.11958,43.42346,0.218022720662702,0,10
"926",-70.067024,43.423958,0.14935271837021,0,10
"927",-70.04071,43.42441,0.159058078694216,0,10
"928",-70.014435,43.424637,0.202457520143071,0,10
"1167",-70.332375,43.391575,0.167664718981541,0,10
"1168",-70.30612,43.39186,0.149810518385493,0,10
"1169",-70.27989,43.39198,0.164276998868445,0,10
"1170",-70.25359,43.392498,0.197604839981068,0,10
"1171",-70.22736,43.392605,0.14990207838855,0,10
"1172",-70.20107,43.393066,0.14990207838855,0,10
"1173",-70.17484,43.393154,0.12032819740125,0,10
"1174",-70.148544,43.3936,0.236517841280147,0,10
"1417",-70.36122,43.361576,0.163544518843992,0,10
"1418",-70.33498,43.361923,0.149993638391607,0,10
"1419",-70.30872,43.362213,0.149993638391607,0,10
"1420",-70.28253,43.36222,0.149535838376323,0,10
"1421",-70.256226,43.362854,0.197604839981068,0,10
"1422",-70.230034,43.36285,0.145781878251,0,10
"1423",-70.203735,43.36342,0.0999103167196154,0,10
"1424",-70.177536,43.3634,0.14962739837938,0,10
"1425",-70.15124,43.363983,0.147796198318247,0,10
"1667",-70.39002,43.331627,0.195590519913821,0,10
"1668",-70.36376,43.332153,0.181032479427813,0,10
"1669",-70.337524,43.33247,0.175264199235244,0,10
"1670",-70.311295,43.33281,0.193576199846575,0,10
"1671",-70.28515,43.332577,0.184145519531739,0,10
"1672",-70.258865,43.333206,0.194033999861858,0,10
"1673",-70.23268,43.333202,0.148986478357983,0,10
"1674",-70.206406,43.333775,0.149535838376323,0,10
"1675",-70.180214,43.33375,0.148986478357983,0,10
"1676",-70.15392,43.33434,0.149993638391607,0,10
"1914",-70.49738,43.300987,0.14990207838855,0,10
"1915",-70.47117,43.301346,0.149810518385493,0,10
"1916",-70.44498,43.3015,0.162995158825652,0,10
"1917",-70.41877,43.301834,0.189639119715139,0,10
"1918",-70.392586,43.301952,0.194949599892425,0,10
"1919",-70.36634,43.302475,0.173158319164941,0,10
"1920",-70.340126,43.3028,0.182955239492003,0,10
"1921",-70.313896,43.30314,0.152557318477193,0,10
"1922",-70.287735,43.3031,0.199802280054428,0,10
"1923",-70.26147,43.30373,0.181032479427813,0,10
"1924",-70.2353,43.303726,0.146239678266284,0,10
"1925",-70.20903,43.3043,0.149718958382437,0,10
"1926",-70.18289,43.304085,0.0999103167196154,0,10
"2164",-70.52608,43.271008,0.189639119715139,0,10
"2165",-70.49988,43.271374,0.172425839140487,0,10
"2166",-70.47367,43.27172,0.149810518385493,0,10
"2168",-70.4213,43.27222,0.193484639843518,0,10
"2169",-70.395134,43.272335,0.199161360033031,0,10
"2170",-70.36892,43.272747,0.166840678954031,0,10
"2171",-70.34272,43.27307,0.199161360033031,0,10
"2172",-70.31651,43.273388,0.145598758244887,0,10
"2173",-70.29034,43.273537,0.191470319776272,0,10
"2174",-70.26411,43.273983,0.199527600045258,0,10
"2175",-70.23794,43.274086,0.198520440011634,0,10
"2176",-70.21171,43.274548,0.137358357969788,0,10
"2177",-70.18553,43.27464,0.262978682163521,0,10
"2415",-70.528496,43.24175,0.149169598364097,0,10
"2416",-70.50231,43.242085,0.14935271837021,0,10
"2417",-70.47612,43.242466,0.14688059828768,0,10
"2418",-70.44998,43.242508,0.146697478281567,0,10
"2419",-70.423836,43.24263,0.14605655826017,0,10
"2420",-70.39768,43.24275,0.149810518385493,0,10
"2421",-70.37146,43.24327,0.149810518385493,0,10
"2422",-70.345276,43.243595,0.149718958382437,0,10
"2423",-70.319084,43.24391,0.228094320998935,0,10
"2424",-70.292946,43.243923,0.197604839981068,0,10
"2666",-70.53098,43.212048,0.14825399833353,0,10
"2667",-70.50481,43.212414,0.148162438330473,0,10
"2668",-70.47864,43.21277,0.14935271837021,0,10
"2669",-70.45249,43.212925,0.149718958382437,0,10
"2670",-70.42632,43.21327,0.141753238116507,0,10
"2671",-70.400185,43.213383,0.14990207838855,0,10
"2672",-70.374,43.213795,0.14990207838855,0,10
"2673",-70.34783,43.214092,0.14962739837938,0,10
"2674",-70.32168,43.21425,0.149993638391607,0,10
"2917",-70.533424,43.1826,0.149444278373267,0,10
"2918",-70.50727,43.182938,0.149261158367153,0,10
"2919",-70.48112,43.18329,0.14907803836104,0,10
"2920",-70.45499,43.183445,0.149444278373267,0,10
"2921",-70.42883,43.18379,0.149718958382437,0,10
"2922",-70.40269,43.184017,0.149718958382437,0,10
"2923",-70.37652,43.18443,0.149810518385493,0,10
"2924",-70.350365,43.184757,0.14990207838855,0,10
"2925",-70.324196,43.185074,0.244300441539963,0,10
"3167",-70.56201,43.15278,0.14935271837021,0,10
"3168",-70.5359,43.152958,0.129392637703859,0,10
"3169",-70.50976,43.15332,0.14880335835187,0,10
"3170",-70.48362,43.15368,0.148711798348813,0,10
"3171",-70.45752,43.15372,0.149810518385493,0,10
"3172",-70.43138,43.154037,0.14907803836104,0,10
"3173",-70.40527,43.15416,0.14935271837021,0,10
"3174",-70.3791,43.15468,0.149535838376323,0,10
"3175",-70.35295,43.155006,0.14935271837021,0,10
"3176",-70.326805,43.155327,0.23477820122207,0,10
"3418",-70.56443,43.123337,0.0999103167196154,0,10
"3419",-70.538345,43.12351,0.100001876722672,0,10
"3420",-70.51221,43.12387,0.147521518309077,0,10
"3421",-70.486084,43.12423,0.149444278373267,0,10
"3422",-70.46,43.12428,0.14962739837938,0,10
"3423",-70.433876,43.1246,0.149993638391607,0,10
"3424",-70.407776,43.124744,0.149993638391607,0,10
"3425",-70.38162,43.125237,0.149535838376323,0,10
"3426",-70.35549,43.125565,0.149261158367153,0,10
"3427",-70.32936,43.125885,0.149718958382437,0,10
"3668",-70.59297,43.093517,0.14715527829685,0,10
"3669",-70.56686,43.093895,0.0998187567165587,0,10
"3670",-70.5408,43.093903,0.100001876722672,0,10
"3671",-70.51469,43.094265,0.147063718293793,0,10
"3672",-70.48858,43.09462,0.149535838376323,0,10
"3673",-70.462494,43.094784,0.149810518385493,0,10
"3674",-70.4364,43.094963,0.14935271837021,0,10
"3675",-70.41029,43.095272,0.149810518385493,0,10
"3676",-70.38417,43.09563,0.14962739837938,0,10
"3677",-70.35806,43.095932,0.149810518385493,0,10
"3919",-70.595345,43.06429,0.148894918354927,0,10
"3921",-70.54318,43.064816,0.149261158367153,0,10
"3922",-70.517136,43.064854,0.14880335835187,0,10
"3923",-70.491035,43.065205,0.149535838376323,0,10
"3924",-70.46497,43.065342,0.149718958382437,0,10
"3925",-70.438866,43.065712,0.149718958382437,0,10
"3926",-70.41277,43.065968,0.198612000014691,0,10
"3927",-70.38667,43.066357,0.259224722038198,0,10
"3928",-70.36057,43.066654,0.199252920036088,0,10
"3929",-70.334465,43.066975,0.191378759773215,0,10
"4169",-70.62385,43.03436,0.138457078006468,0,10
"4170",-70.59777,43.034714,0.149993638391607,0,10
"4171",-70.571686,43.035088,0.14990207838855,0,10
"4172",-70.545654,43.035126,0.199527600045258,0,10
"4173",-70.51957,43.035465,0.14990207838855,0,10
"4174",-70.49349,43.035828,0.149810518385493,0,10
"4175",-70.46745,43.03587,0.149535838376323,0,10
"4176",-70.44137,43.03619,0.14990207838855,0,10
"4177",-70.4153,43.03645,0.14990207838855,0,10
"4178",-70.3892,43.036865,0.264443642212427,0,10
"4179",-70.36312,43.03714,0.199527600045258,0,10
"4418",-70.67829,43.004684,0.149444278373267,0,10
"4419",-70.65222,43.005077,0.14935271837021,0,10
"4420",-70.626205,43.005135,0.121518477440986,0,10
"4421",-70.600136,43.00552,0.110439717071131,0,10
"4422",-70.5741,43.005703,0.133421277838352,0,10
"4423",-70.54807,43.00577,0.174440159207734,0,10
"4424",-70.52201,43.00608,0.17672915928415,0,10
"4425",-70.49594,43.00644,0.133512837841408,0,10
"4426",-70.469894,43.0066,0.133695957847522,0,10
"4427",-70.44383,43.00692,0.164460118874558,0,10
"4428",-70.41778,43.00718,0.269479442380543,0,10
"4430",-70.36562,43.00787,0.185976719592873,0,10
"4668",-70.70664,42.9752,0.168305639002938,0,10
"4669",-70.68063,42.975323,0.167481598975428,0,10
"4670",-70.65459,42.975716,0.14660591827851,0,10
"4671",-70.62856,42.975887,0.134245317865862,0,10
"4672",-70.60251,42.976273,0.246223201604153,0,10
"4673",-70.576454,42.976643,0.134336877868918,0,10
"4674",-70.550446,42.97669,0.166108198929578,0,10
"4675",-70.5244,42.977028,0.180391559406416,0,10
"4676",-70.49834,42.977386,0.196597679947445,0,10
"4677",-70.47237,42.97719,0.14825399833353,0,10
"4678",-70.44631,42.97754,0.294200643205841,0,10
"4918",-70.73502,42.94538,0.136259637933108,0,10
"4919",-70.708984,42.945763,0.193667759849632,0,10
"4920",-70.682976,42.94597,0.198886680023861,0,10
"4921",-70.656944,42.946365,0.190829399754875,0,10
"4922",-70.63098,42.946262,0.176271359268867,0,10
"4923",-70.604935,42.946613,0.14990207838855,0,10
"4924",-70.5789,42.946995,0.230017081063124,0,10
"4925",-70.5529,42.94706,0.170594639079354,0,10
"4926",-70.52687,42.947403,0.196963919959671,0,10
"4927",-70.50083,42.947735,0.199619160048314,0,10
"4928",-70.47482,42.94787,0.223791000855272,0,10
"5169",-70.73731,42.916187,0.253181761836458,0,10
"5170",-70.711296,42.91652,0.257210401970951,0,10
"5171",-70.68532,42.916645,0.262887122160464,0,10
"5172",-70.659294,42.917038,0.267465122313297,0,10
"5173",-70.6333,42.91721,0.260598122084048,0,10
"5174",-70.60727,42.91759,0.252540841815062,0,10
"5175",-70.581245,42.917965,0.187350119638722,0,10
"5176",-70.555275,42.917984,0.196963919959671,0,10
"5177",-70.52929,42.918053,0.329634364388767,0,10
"5178",-70.50327,42.91838,0.210514800412057,0,10
"5179",-70.477264,42.91854,0.215001240561833,0,10
"5419",-70.765594,42.886665,0.199069800029974,0,10
"5420",-70.73963,42.886784,0.197971079993295,0,10
"5421",-70.71362,42.88716,0.2695710023836,0,10
"5422",-70.68769,42.887043,0.272500922481413,0,10
"5423",-70.66168,42.88744,0.280741322756512,0,10
"5424",-70.6357,42.887634,0.274423682545603,0,10
"5425",-70.60969,42.887993,0.256935721961781,0,10
"5426",-70.58368,42.888344,0.269113202368317,0,10
"5427",-70.55772,42.888412,0.195407399907708,0,10
"5428",-70.53171,42.888756,0.198428880008578,0,10
"5670",-70.767876,42.85737,0.241736761454376,0,10
"5671",-70.74191,42.857567,0.149444278373267,0,10
"5672",-70.715935,42.85792,0.257485081980121,0,10
"5673",-70.68998,42.858047,0.305462523581809,0,10
"5674",-70.66399,42.85844,0.198154199999408,0,10
"5675",-70.63802,42.858585,0.199619160048314,0,10
"5676",-70.61203,42.85886,0.340713124758622,0,10
"5677",-70.586075,42.859047,0.18222275946755,0,10
"5678",-70.56012,42.859093,0.196139879932161,0,10
"5921",-70.77014,42.828266,0.225805320922518,0,10
"5922",-70.74423,42.828163,0.248512201680569,0,10
"5923",-70.71825,42.828568,0.261788402123784,0,10
"5924",-70.69232,42.828644,0.270761282423337,0,10
"5925",-70.66634,42.82904,0.328627204355143,0,10
"5926",-70.64039,42.829212,0.198245760002465,0,10
"6173",-70.746475,42.79919,0.199985400060541,0,10
"6174",-70.72052,42.799576,0.271676882453903,0,10
"6175",-70.694595,42.799675,0.199252920036088,0,10
"6176",-70.668625,42.800045,0.199161360033031,0,10
"6177",-70.64274,42.799942,0.184603319547023,0,10
"6178",-70.616776,42.800274,0.196780799953558,0,10
"6424",-70.7488,42.76971,0.116024877257587,0,10
"6425",-70.722855,42.770115,0.197879519990238,0,10
"6426",-70.696945,42.77017,0.198795120020804,0,10
"6427",-70.671,42.77056,0.197787959987181,0,10
"6428",-70.64507,42.770763,0.210606360415113,0,10
"6429",-70.61912,42.7711,0.286784282958251,0,10
"6430",-70.59316,42.771473,0.258675362019858,0,10
"6675",-70.751076,42.740555,0.23697564129543,0,10
"6676",-70.72514,42.740936,0.199710720051371,0,10
"6677",-70.699234,42.741123,0.171143999097694,0,10
"6678",-70.673294,42.741516,0.195956759926048,0,10
"6679",-70.6474,42.741585,0.223241640836932,0,10
"6680",-70.62145,42.74197,0.285960242930742,0,10
"6681",-70.59552,42.7423,0.218297400671872,0,10
"6933",-70.571976,42.713333,0.213536280512926,0,10
"6934",-70.54604,42.713673,0.311413923780492,0,10
"7185",-70.5484,42.684658,0.157226878633082,0,10
"7436",-70.55077,42.655544,0.239081521365733,0,10
"7687",-70.55319,42.62613,0.197879519990238,0,10
"7688",-70.5273,42.62649,0.159607438712555,0,10
"7938",-70.55556,42.59704,0.136808997951448,0,10
"7939",-70.52968,42.59738,0.247230361637776,0,10
"8188",-70.58377,42.56761,0.134519997875032,0,10
"8189",-70.55791,42.567955,0.183870839522569,0,10
"8190",-70.53206,42.568295,0.215184360567946,0,10
"8191",-70.506226,42.568436,0.287883002994931,0,10
"8436",-70.66359,42.53781,0.149261158367153,0,10
"8437",-70.63774,42.5382,0.149810518385493,0,10
"8438",-70.6119,42.53856,0.129117957694689,0,10
"8439",-70.586075,42.538742,0.149718958382437,0,10
"8440",-70.56024,42.539062,0.14990207838855,0,10
"8441",-70.53439,42.5394,0.232580761148711,0,10
"8682",-70.79491,42.50759,0.149718958382437,0,10
"8683",-70.76912,42.507683,0.116574237275927,0,10
"8684",-70.74329,42.50809,0.198703560017748,0,10
"8685",-70.7175,42.508255,0.145873438254057,0,10
"8686",-70.69168,42.508606,0.129301077700802,0,10
"8687",-70.66589,42.508675,0.127652997645782,0,10
"8688",-70.64007,42.509064,0.138457078006468,0,10
"8689",-70.61424,42.509396,0.149718958382437,0,10
"8690",-70.58844,42.509556,0.149718958382437,0,10
"8691",-70.56261,42.50993,0.135344037902541,0,10
"8692",-70.53677,42.51027,0.198886680023861,0,10
"8693",-70.510994,42.510273,0.279734162722889,0,10
"8933",-70.79711,42.47867,0.211155720433453,0,10
"8934",-70.77133,42.478848,0.149718958382437,0,10
"8935",-70.74552,42.479233,0.154571638544439,0,10
"8936",-70.71975,42.47931,0.140196718064544,0,10
"8937",-70.69394,42.479687,0.145140958229604,0,10
"8938",-70.66816,42.47986,0.198886680023861,0,10
"8939",-70.64234,42.48023,0.168580319012108,0,10
"8940",-70.61652,42.480564,0.168763439018221,0,10
"8941",-70.59075,42.48064,0.149718958382437,0,10
"8942",-70.56494,42.48098,0.142302598134847,0,10
"8943",-70.53912,42.481323,0.149810518385493,0,10
"8944",-70.51333,42.48147,0.233862601191504,0,10
"9182",-70.85087,42.44922,0.234686641219014,0,10
"9183",-70.82508,42.449593,0.117215157297323,0,10
"9184",-70.79932,42.449745,0.130766037749709,0,10
"9185",-70.77355,42.449924,0.198520440011634,0,10
"9186",-70.74775,42.45031,0.139006438024808,0,10
"9187",-70.722,42.45039,0.202640640149184,0,10
"9188",-70.696205,42.45074,0.197238599968841,0,10
"9189",-70.670425,42.450943,0.256020121931215,0,10
"9195",-70.515686,42.452522,0.270578162417223,0,10
"9432",-70.87879,42.42016,0.0991778366951621,0,10
"9433",-70.85305,42.420296,0.178010999326943,0,10
"9434",-70.82726,42.4207,0.149535838376323,0,10
"9435",-70.801506,42.42091,0.133787517850578,0,10
"9436",-70.77577,42.42098,0.156311278602516,0,10
"9437",-70.749985,42.421364,0.195407399907708,0,10
"9438",-70.72423,42.42158,0.192385919806839,0,10
"9439",-70.69844,42.421932,0.20904984036315,0,10
"9440",-70.6727,42.422,0.269479442380543,0,10
"9681",-70.93247,42.39051,0.20520432023477,0,10
"9682",-70.90674,42.39072,0.255470761912875,0,10
"9683",-70.88097,42.391163,0.167756278984598,0,10
"9684",-70.85523,42.391296,0.199893840057484,0,10
"9685",-70.82947,42.391678,0.272134682469186,0,10
"9686",-70.80373,42.391888,0.18332147950423,0,10
"9687",-70.77799,42.39198,0.134886237887258,0,10
"9688",-70.75222,42.392365,0.180116879397247,0,10
"9689",-70.72649,42.392536,0.240912721426866,0,10
"9932",-70.93459,42.361645,0.109798797049734,0,10
"9933",-70.90889,42.36175,0.141112318095111,0,10
"9936",-70.83165,42.36279,0.157318438636139,0,10
"9937",-70.80594,42.36289,0.170319959070184,0,10
"9938",-70.780205,42.363094,0.197971079993295,0,10
"9939",-70.75444,42.363506,0.217473360644362,0,10
"9940",-70.72874,42.363567,0.223424760843045,0,10
"10183",-70.93674,42.332653,0.201358800106391,0,10
"10184",-70.91104,42.332783,0.105037676890788,0,10
"10185",-70.8853,42.333168,0.127652997645782,0,10
"10186",-70.85958,42.333416,0.199893840057484,0,10
"10187",-70.83385,42.333817,0.155761918584176,0,10
"10188",-70.808136,42.333927,0.184786439553136,0,10
"10189",-70.782425,42.3341,0.199710720051371,0,10
"10190",-70.75668,42.334488,0.215459040577116,0,10
"10191",-70.73098,42.334576,0.233587921182334,0,10
"10439",-70.81031,42.305145,0.130674477746652,0,10
"10440",-70.78463,42.305218,0.188631959681516,0,10
"10441",-70.758896,42.305607,0.200809440088051,0,10
"10442",-70.73319,42.305798,0.133695957847522,0,10
"11189",-70.893845,42.217903,0.659708175408014,0,10
"12456",-70.59718,42.077103,0.14962739837938,0,10
"12959",-70.57611,42.020042,0.199619160048314,0,10
"13210",-70.578384,41.991398,0.14688059828768,0,10
"13211",-70.55283,41.991444,0.134886237887258,0,10
"14218",-70.485344,41.877697,0.199985400060541,0,10
"14469",-70.487625,41.849247,0.168305639002938,0,10
"14470",-70.462105,41.84954,0.139189558030921,0,10
"14721",-70.46442,41.820965,0.269662562386657,0,10
"14722",-70.4389,41.82125,0.244208881536906,0,10
"14974",-70.41577,41.792667,0.247962841662229,0,10
"14975",-70.39025,41.793137,0.532714451168431,0,10
"15199",-71.080055,41.75832,0.366624605623656,0,10
"15443",-71.26004,41.728176,1.03666070799227,0,10
"15694",-71.26196,41.699455,0.970096585770079,0,10
"15943",-71.3146,41.670784,0.344741764893115,0,10
"15947",-71.21305,41.671448,0.183504599510343,0,10
"16193",-71.34184,41.64207,1.15184319183754,0,10
"16443",-71.369,41.613823,0.147796198318247,0,10
"16445",-71.31831,41.613888,0.943269504874479,0,10
"16448",-71.24222,41.61442,1.7186911707613,0,10
"16467",-70.759895,41.618977,0.149444278373267,0,10
"16468",-70.73453,41.619015,0.0999103167196154,0,10
"16699",-71.244095,41.586132,1.89274673657201,0,10
"16717",-70.78743,41.590153,0.0737241558454116,0,10
"16718",-70.76203,41.59051,0.148437118339643,0,10
"16719",-70.73667,41.59057,0.0998187567165587,0,10
"16720",-70.711266,41.590897,0.100001876722672,0,10
"16721",-70.68587,41.591244,0.0998187567165587,0,10
"16945",-71.372635,41.557068,1.48777684305242,0,10
"16965",-70.865616,41.56124,0.14962739837938,0,10
"16968",-70.78953,41.561848,0.127561437642726,0,10
"16969",-70.764145,41.562187,0.14962739837938,0,10
"16970",-70.73879,41.562275,0.0995440767073887,0,10
"16971",-70.71341,41.562622,0.100001876722672,0,10
"17204",-71.17183,41.53019,0.880734022786783,0,10
"17214",-70.91841,41.532272,0.105220796896901,0,10
"17215",-70.89305,41.53264,0.149718958382437,0,10
"17216",-70.86769,41.53286,0.149169598364097,0,10
"17219",-70.79163,41.533497,0.0998187567165587,0,10
"17222",-70.71555,41.534245,0.196872359956615,0,10
"17234",-70.41107,41.537422,0.100001876722672,0,10
"17235",-70.38571,41.537537,0.0997271967135021,0,10
"17236",-70.3603,41.53795,0.100001876722672,0,10
"17237",-70.334946,41.538025,0.100001876722672,0,10
"17465",-70.920456,41.50392,0.14715527829685,0,10
"17466",-70.895096,41.50431,0.149535838376323,0,10
"17467",-70.869774,41.50443,0.146972158290737,0,10
"17471",-70.76839,41.50543,0.183962399525626,0,10
"17472",-70.74306,41.505573,1.09470974993019,0,10
"17484",-70.438774,41.508526,0.0999103167196154,0,10
"17485",-70.41337,41.509,0.0999103167196154,0,10
"17486",-70.38804,41.509064,0.0996356367104454,0,10
"17487",-70.36263,41.509495,0.0999103167196154,0,10
"17488",-70.337296,41.50958,0.0999103167196154,0,10
"17489",-70.3119,41.50997,0.0993609567012754,0,10
"17490",-70.28653,41.510227,0.0998187567165587,0,10
"17491",-70.261154,41.51045,0.0999103167196154,0,10
"17492",-70.23579,41.510674,0.100001876722672,0,10
"17493",-70.21041,41.51088,0.0999103167196154,0,10
"17494",-70.185036,41.511086,0.0999103167196154,0,10
"17495",-70.15966,41.511314,0.0645681555397459,0,10
"17496",-70.13425,41.511776,0.100001876722672,0,10
"17710",-71.07436,41.474617,0.146514358275454,0,10
"17711",-71.04906,41.474766,0.205112760231714,0,10
"17713",-70.99842,41.475117,0.14880335835187,0,10
"17714",-70.97311,41.475365,0.14935271837021,0,10
"17715",-70.947754,41.47577,0.148894918354927,0,10
"17716",-70.922455,41.47587,0.14715527829685,0,10
"17717",-70.89713,41.476044,0.149444278373267,0,10
"17718",-70.87182,41.476162,0.14825399833353,0,10
"17721",-70.79584,41.4768,0.576480132629513,0,10
"17732",-70.51707,41.479702,0.14990207838855,0,10
"17733",-70.49171,41.48,0.100001876722672,0,10
"17734",-70.466354,41.48027,0.0998187567165587,0,10
"17735",-70.44105,41.480236,0.0999103167196154,0,10
"17736",-70.41564,41.48082,0.0995440767073887,0,10
"17737",-70.39033,41.4808,0.0999103167196154,0,10
"17738",-70.364944,41.481213,0.0998187567165587,0,10
"17739",-70.339615,41.48129,0.100001876722672,0,10
"17740",-70.314224,41.48174,0.0996356367104454,0,10
"17741",-70.288864,41.481964,0.0999103167196154,0,10
"17742",-70.26351,41.482162,0.0997271967135021,0,10
"17743",-70.23815,41.48241,0.0999103167196154,0,10
"17744",-70.21279,41.48262,0.0998187567165587,0,10
"17745",-70.18743,41.482834,0.0999103167196154,0,10
"17746",-70.16207,41.483036,0.0998187567165587,0,10
"17747",-70.136665,41.483524,0.0999103167196154,0,10
"17954",-71.25343,41.444607,0.218755200687156,0,10
"17955",-71.22813,41.44488,0.198520440011634,0,10
"17959",-71.126915,41.44593,0.186983879626496,0,10
"17960",-71.10161,41.446175,0.198703560017748,0,10
"17961",-71.07632,41.446312,0.149718958382437,0,10
"17962",-71.05101,41.446552,0.14715527829685,0,10
"17963",-71.02572,41.446674,0.14935271837021,0,10
"17964",-71.000404,41.4469,0.146972158290737,0,10
"17965",-70.975105,41.447063,0.148986478357983,0,10
"17966",-70.949776,41.44744,0.149169598364097,0,10
"17967",-70.92447,41.447647,0.338241004676092,0,10
"17984",-70.49396,41.45166,0.145324078235717,0,10
"17985",-70.46861,41.451958,0.0998187567165587,0,10
"17986",-70.44331,41.451923,0.0999103167196154,0,10
"17987",-70.41792,41.452503,0.0999103167196154,0,10
"17988",-70.392624,41.45246,0.100001876722672,0,10
"17989",-70.36724,41.453003,0.0996356367104454,0,10
"17990",-70.341934,41.452976,0.0999103167196154,0,10
"17991",-70.31654,41.453506,0.0994525167043321,0,10
"17992",-70.2912,41.453735,0.0990862766921055,0,10
"17993",-70.26586,41.453957,0.0996356367104454,0,10
"17994",-70.24051,41.45418,0.0994525167043321,0,10
"17995",-70.21513,41.454582,0.0994525167043321,0,10
"17996",-70.18982,41.454605,0.0998187567165587,0,10
"17997",-70.16447,41.45483,0.100001876722672,0,10
"17998",-70.13909,41.45519,0.0999103167196154,0,10
"17999",-70.11375,41.455402,0.100001876722672,0,10
"18000",-70.08839,41.45559,0.29969424338924,0,10
"18199",-71.40693,41.41536,0.149444278373267,0,10
"18200",-71.38165,41.41556,0.14962739837938,0,10
"18201",-71.3564,41.41558,0.14935271837021,0,10
"18202",-71.33111,41.4159,0.149444278373267,0,10
"18203",-71.30584,41.416084,0.14990207838855,0,10
"18204",-71.28058,41.416107,0.14962739837938,0,10
"18205",-71.25529,41.41639,0.198978240026918,0,10
"18206",-71.23002,41.416557,0.195590519913821,0,10
"18207",-71.20472,41.416855,0.196780799953558,0,10
"18208",-71.179436,41.41701,0.198703560017748,0,10
"18209",-71.15415,41.417267,0.23642628127709,0,10
"18210",-71.12887,41.417416,0.196963919959671,0,10
"18211",-71.10358,41.417694,0.197055479962728,0,10
"18212",-71.07829,41.41785,0.17920127936668,0,10
"18214",-71.02772,41.41822,0.143675998180697,0,10
"18215",-71.00242,41.418446,0.148986478357983,0,10
"18216",-70.977135,41.418583,0.149993638391607,0,10
"18217",-70.95181,41.41896,0.408192847011378,0,10
"18219",-70.9012,41.41956,0.659158815389674,0,10
"18221",-70.85062,41.41984,0.36461028555641,0,10
"18239",-70.39495,41.423992,0.0999103167196154,0,10
"18240",-70.369576,41.424507,0.100001876722672,0,10
"18241",-70.344284,41.424507,0.100001876722672,0,10
"18242",-70.31891,41.42501,0.0999103167196154,0,10
"18243",-70.29358,41.42524,0.0997271967135021,0,10
"18244",-70.26824,41.42547,0.0998187567165587,0,10
"18245",-70.24292,41.42569,0.0999103167196154,0,10
"18246",-70.21755,41.426086,0.100001876722672,0,10
"18247",-70.19221,41.42632,0.0999103167196154,0,10
"18248",-70.16688,41.426525,0.0999103167196154,0,10
"18249",-70.141495,41.426987,0.0999103167196154,0,10
"18250",-70.11616,41.427204,0.100001876722672,0,10
"18251",-70.09082,41.42739,0.249977161729475,0,10
"18450",-71.40871,41.38714,0.14990207838855,0,10
"18451",-71.38344,41.38742,0.149535838376323,0,10
"18452",-71.35819,41.387486,0.149535838376323,0,10
"18453",-71.332924,41.387703,0.14935271837021,0,10
"18454",-71.30765,41.387974,0.149261158367153,0,10
"18455",-71.28241,41.38799,0.149810518385493,0,10
"18456",-71.25714,41.38819,0.149535838376323,0,10
"18457",-71.23186,41.388466,0.149810518385493,0,10
"18458",-71.2066,41.388638,0.198612000014691,0,10
"18459",-71.18133,41.38879,0.237708121319884,0,10
"18460",-71.15602,41.389263,0.199985400060541,0,10
"18461",-71.13078,41.38922,0.197879519990238,0,10
"18462",-71.1055,41.389477,0.230749561087578,0,10
"18465",-71.02968,41.389996,0.149810518385493,0,10
"18466",-71.0044,41.3902,0.14935271837021,0,10
"18467",-70.979126,41.390343,0.14907803836104,0,10
"18468",-70.95382,41.39074,0.14715527829685,0,10
"18470",-70.90323,41.391315,0.14990207838855,0,10
"18471",-70.87795,41.391438,0.149810518385493,0,10
"18472",-70.85267,41.39163,0.172975199158827,0,10
"18473",-70.82736,41.392,0.149535838376323,0,10
"18474",-70.80209,41.39205,0.14990207838855,0,10
"18490",-70.39722,41.395866,0.0998187567165587,0,10
"18491",-70.37187,41.396275,0.0998187567165587,0,10
"18492",-70.34658,41.396355,0.0998187567165587,0,10
"18493",-70.32123,41.396805,0.0995440767073887,0,10
"18494",-70.295906,41.397034,0.0994525167043321,0,10
"18495",-70.270584,41.397236,0.0998187567165587,0,10
"18496",-70.24526,41.397484,0.0999103167196154,0,10
"18497",-70.21991,41.397884,0.0998187567165587,0,10
"18498",-70.194595,41.398094,0.0999103167196154,0,10
"18499",-70.16927,41.39827,0.0999103167196154,0,10
"18500",-70.1439,41.398758,0.0999103167196154,0,10
"18501",-70.118576,41.398956,0.149535838376323,0,10
"18502",-70.093254,41.399136,0.276346442609793,0,10
"18503",-70.067924,41.399345,0.207035520295904,0,10
"18504",-70.04258,41.399654,0.503323690187244,0,10
"18700",-71.43575,41.358524,0.142119478128734,0,10
"18701",-71.4105,41.35876,0.14990207838855,0,10
"18702",-71.38524,41.35907,0.149993638391607,0,10
"18703",-71.360016,41.35908,0.198612000014691,0,10
"18704",-71.33476,41.3593,0.149993638391607,0,10
"18705",-71.3095,41.35959,0.149261158367153,0,10
"18706",-71.28426,41.35961,0.199436040042201,0,10
"18707",-71.25901,41.359787,0.199527600045258,0,10
"18708",-71.23374,41.360065,0.195224279901595,0,10
"18709",-71.208496,41.360256,0.149810518385493,0,10
"18710",-71.18322,41.360523,0.149810518385493,0,10
"18711",-71.157936,41.36097,0.251075881766155,0,10
"18712",-71.132675,41.361115,0.167115358963201,0,10
"18713",-71.107445,41.3611,0.159058078694216,0,10
"18714",-71.08218,41.36134,0.241828321457433,0,10
"18715",-71.05692,41.361473,0.247321921640832,0,10
"18716",-71.031654,41.36171,0.199710720051371,0,10
"18717",-71.00639,41.361824,0.149810518385493,0,10
"18718",-70.981125,41.362076,0.149444278373267,0,10
"18719",-70.95583,41.36245,0.14962739837938,0,10
"18720",-70.93057,41.362553,0.149535838376323,0,10
"18721",-70.90528,41.36294,0.149718958382437,0,10
"18722",-70.88001,41.363064,0.149810518385493,0,10
"18723",-70.85475,41.36323,0.14962739837938,0,10
"18741",-70.39949,41.367664,0.0642019155275193,0,10
"18742",-70.37418,41.367886,0.0999103167196154,0,10
"18743",-70.34891,41.367966,0.0999103167196154,0,10
"18746",-70.27296,41.368847,0.0999103167196154,0,10
"18747",-70.24764,41.3691,0.0999103167196154,0,10
"18748",-70.2223,41.369553,0.0997271967135021,0,10
"18749",-70.19698,41.369785,0.0998187567165587,0,10
"18750",-70.17167,41.369987,0.0999103167196154,0,10
"18751",-70.14634,41.370346,0.100001876722672,0,10
"18752",-70.121025,41.370567,0.315991923933325,0,10
"18753",-70.09571,41.370754,0.198154199999408,0,10
"18945",-71.58892,41.329014,0.14990207838855,0,10
"18946",-71.56368,41.329285,0.136442757939221,0,10
"18947",-71.53847,41.329334,0.14962739837938,0,10
"18948",-71.513214,41.3297,0.149444278373267,0,10
"18949",-71.487976,41.329952,0.149718958382437,0,10
"18950",-71.46276,41.33001,0.149993638391607,0,10
"18951",-71.437515,41.330334,0.149718958382437,0,10
"18952",-71.41227,41.330566,0.149993638391607,0,10
"18953",-71.387024,41.33088,0.149718958382437,0,10
"18954",-71.3618,41.330917,0.199069800029974,0,10
"18955",-71.33656,41.331135,0.197330159971898,0,10
"18956",-71.31132,41.331406,0.199161360033031,0,10
"18957",-71.286095,41.331425,0.197421719974955,0,10
"18958",-71.26086,41.331627,0.149810518385493,0,10
"18959",-71.2356,41.3319,0.14990207838855,0,10
"18960",-71.210365,41.33207,0.14990207838855,0,10
"18961",-71.185104,41.332336,0.149718958382437,0,10
"18962",-71.15983,41.33278,0.232214521136484,0,10
"18966",-71.05886,41.333313,0.226263120937801,0,10
"18967",-71.03361,41.333546,0.197787959987181,0,10
"18968",-71.00836,41.333668,0.199069800029974,0,10
"18969",-70.9831,41.33389,0.249427801711136,0,10
"18970",-70.957825,41.33427,0.197971079993295,0,10
"18971",-70.93258,41.33437,0.149718958382437,0,10
"18972",-70.9073,41.33474,0.149810518385493,0,10
"18973",-70.882034,41.334965,0.271035962432506,0,10
"18974",-70.8568,41.33505,0.149993638391607,0,10
"18992",-70.40176,41.339462,0.0999103167196154,0,10
"18994",-70.351204,41.33977,0.0998187567165587,0,10
"18999",-70.224655,41.34138,0.0998187567165587,0,10
"19000",-70.199356,41.34159,0.0999103167196154,0,10
"19001",-70.174065,41.34177,0.100001876722672,0,10
"19002",-70.148735,41.342155,0.168214078999881,0,10
"19003",-70.123436,41.34235,0.21179664045485,0,10
"19194",-71.64098,41.300858,0.14962739837938,0,10
"19195",-71.615776,41.300953,0.14935271837021,0,10
"19196",-71.590576,41.301037,0.149810518385493,0,10
"19197",-71.56535,41.30128,0.14935271837021,0,10
"19198",-71.540146,41.30136,0.14935271837021,0,10
"19199",-71.51491,41.30172,0.14935271837021,0,10
"19200",-71.489685,41.301975,0.14935271837021,0,10
"19201",-71.464485,41.30204,0.14962739837938,0,10
"19202",-71.43925,41.30236,0.14935271837021,0,10
"19203",-71.41402,41.302593,0.14962739837938,0,10
"19204",-71.38878,41.302906,0.191104079764045,0,10
"19205",-71.36361,41.30265,0.232214521136484,0,10
"19206",-71.33837,41.30295,0.198886680023861,0,10
"19207",-71.31315,41.303135,0.24082116142381,0,10
"19208",-71.28794,41.303158,0.198886680023861,0,10
"19209",-71.26269,41.303467,0.244575121549133,0,10
"19210",-71.237465,41.303635,0.195773639919935,0,10
"19211",-71.21224,41.303802,0.198886680023861,0,10
"19212",-71.187,41.304073,0.268106042334693,0,10
"19213",-71.161736,41.304516,0.195956759926048,0,10
"19218",-71.03555,41.305443,0.275705522588396,0,10
"19220",-70.98508,41.30579,0.268106042334693,0,10
"19221",-70.95981,41.306194,0.160523038743122,0,10
"19222",-70.934555,41.306408,0.268655402353033,0,10
"19223",-70.90929,41.306767,0.277170482637302,0,10
"19224",-70.884056,41.306892,0.281016002765682,0,10
"19225",-70.8588,41.307083,0.154846318553609,0,10
"19242",-70.429276,41.311195,0.100001876722672,0,10
"19243",-70.40403,41.31129,0.0998187567165587,0,10
"19245",-70.35347,41.311756,0.0997271967135021,0,10
"19249",-70.252304,41.312893,0.689190496392257,0,10
"19353",-73.957306,41.261158,0.565950732277997,0,10
"19424",-72.171646,41.268677,0.149261158367153,0,10
"19427",-72.09609,41.26934,0.14962739837938,0,10
"19428",-72.07092,41.269375,0.167481598975428,0,10
"19429",-72.04573,41.26959,0.219304560705496,0,10
"19433",-71.945,41.2702,0.469354929053225,0,10
"19434",-71.91981,41.270363,0.250251841738645,0,10
"19435",-71.89463,41.270515,0.225622200916405,0,10
"19436",-71.86944,41.270664,0.191195639767102,0,10
"19437",-71.84425,41.27081,0.230200201069238,0,10
"19438",-71.81904,41.271214,0.188723519684572,0,10
"19439",-71.79384,41.27137,0.228918361026444,0,10
"19440",-71.768654,41.271526,0.226080000931688,0,10
"19441",-71.74347,41.27162,0.172242719134374,0,10
"19442",-71.71828,41.271736,0.191104079764045,0,10
"19443",-71.69307,41.272034,0.197055479962728,0,10
"19444",-71.66788,41.27214,0.149810518385493,0,10
"19445",-71.642654,41.27253,0.149444278373267,0,10
"19446",-71.61746,41.2726,0.149444278373267,0,10
"19447",-71.59228,41.27269,0.149535838376323,0,10
"19448",-71.56706,41.272957,0.149535838376323,0,10
"19449",-71.54187,41.273033,0.149535838376323,0,10
"19450",-71.51665,41.273396,0.149718958382437,0,10
"19451",-71.49143,41.27363,0.149535838376323,0,10
"19452",-71.46625,41.273685,0.149718958382437,0,10
"19453",-71.44101,41.274036,0.149535838376323,0,10
"19454",-71.4158,41.274265,0.149993638391607,0,10
"19455",-71.39058,41.27453,0.198520440011634,0,10
"19456",-71.36539,41.274567,0.255104521900648,0,10
"19457",-71.340195,41.274624,0.312970443832455,0,10
"19458",-71.31498,41.27482,0.199710720051371,0,10
"19459",-71.28979,41.274834,0.262978682163521,0,10
"19460",-71.264565,41.275097,0.199710720051371,0,10
"19461",-71.23934,41.275265,0.234686641219014,0,10
"19462",-71.21411,41.275566,0.273233402505866,0,10
"19463",-71.188896,41.275745,0.222875400824705,0,10
"19464",-71.16364,41.276176,0.154937878556666,0,10
"19470",-71.0123,41.27733,0.287058962967421,0,10
"19471",-70.98706,41.277554,0.139922038055374,0,10
"19475",-70.88611,41.278526,0.21014856039983,0,10
"19476",-70.86087,41.278717,0.231207361102861,0,10
"19477",-70.83561,41.279064,0.280008842732059,0,10
"19478",-70.810394,41.27914,0.169129679030448,0,10
"19481",-70.73463,41.280006,0.0999103167196154,0,10
"19482",-70.70937,41.28033,0.0999103167196154,0,10
"19483",-70.68415,41.280357,0.137724597982015,0,10
"19484",-70.65889,41.280685,0.199619160048314,0,10
"19485",-70.63361,41.281025,0.154022278526099,0,10
"19486",-70.608376,41.28114,0.0998187567165587,0,10
"19487",-70.58312,41.281433,0.0999103167196154,0,10
"19488",-70.55792,41.28127,0.149444278373267,0,10
"19489",-70.53263,41.281734,0.0998187567165587,0,10
"19490",-70.50737,41.282013,0.0998187567165587,0,10
"19491",-70.48209,41.282314,0.0998187567165587,0,10
"19492",-70.45685,41.282417,0.0999103167196154,0,10
"19504",-70.15352,41.285797,0.611730733806326,0,10
"19669",-72.324,41.239643,0.135984957923938,0,10
"19670",-72.298836,41.239887,0.135618717911711,0,10
"19671",-72.27367,41.240124,0.14990207838855,0,10
"19672",-72.24852,41.24014,0.0609973154205363,0,10
"19673",-72.22335,41.240364,0.0998187567165587,0,10
"19674",-72.19819,41.240425,0.0998187567165587,0,10
"19675",-72.17302,41.24064,0.0951491965606692,0,10
"19676",-72.14785,41.240852,0.0998187567165587,0,10
"19677",-72.12268,41.24108,0.0999103167196154,0,10
"19678",-72.0975,41.24128,0.0998187567165587,0,10
"19679",-72.072365,41.241234,0.0999103167196154,0,10
"19680",-72.04719,41.24142,0.199527600045258,0,10
"19682",-71.99684,41.24178,0.15100079842523,0,10
"19683",-71.971664,41.241978,0.0999103167196154,0,10
"19684",-71.94649,41.242172,0.14825399833353,0,10
"19686",-71.89613,41.242485,0.147338398302963,0,10
"19687",-71.870964,41.242607,0.149535838376323,0,10
"19688",-71.84579,41.24278,0.14962739837938,0,10
"19689",-71.82058,41.243206,0.14688059828768,0,10
"19690",-71.7954,41.243343,0.149718958382437,0,10
"19691",-71.770226,41.24347,0.0999103167196154,0,10
"19692",-71.745056,41.24359,0.141844798119564,0,10
"19693",-71.71988,41.243706,0.142211038131791,0,10
"19694",-71.69468,41.244003,0.141844798119564,0,10
"19695",-71.669495,41.244106,0.100001876722672,0,10
"19696",-71.644325,41.244183,0.0998187567165587,0,10
"19697",-71.61915,41.244274,0.0999103167196154,0,10
"19698",-71.59397,41.244366,0.100001876722672,0,10
"19699",-71.56877,41.244633,0.082422356135794,0,10
"19700",-71.54359,41.24474,0.100001876722672,0,10
"19701",-71.51838,41.245052,0.100001876722672,0,10
"19702",-71.49318,41.245308,0.0999103167196154,0,10
"19703",-71.468,41.245365,0.149444278373267,0,10
"19704",-71.44279,41.245712,0.149993638391607,0,10
"19705",-71.417595,41.2459,0.149535838376323,0,10
"19706",-71.39237,41.24621,0.149535838376323,0,10
"19707",-71.367195,41.246277,0.149535838376323,0,10
"19708",-71.34199,41.246468,0.14990207838855,0,10
"19709",-71.31678,41.24676,0.149810518385493,0,10
"19710",-71.2916,41.24676,0.14770463831519,0,10
"19711",-71.266396,41.246964,0.127652997645782,0,10
"19712",-71.24117,41.24724,0.245582281582756,0,10
"19713",-71.21597,41.247433,0.125913357587706,0,10
"19714",-71.19076,41.2477,0.227178720968368,0,10
"19715",-71.16552,41.248123,0.158600278678932,0,10
"19716",-71.140305,41.2483,0.185702039583703,0,10
"19726",-70.88811,41.250477,0.344283964877832,0,10
"19728",-70.83764,41.25102,0.247596601650002,0,10
"19730",-70.78722,41.251255,0.283488122848212,0,10
"19731",-70.76201,41.251316,0.272775602490583,0,10
"19732",-70.736755,41.251675,0.0999103167196154,0,10
"19733",-70.71151,41.251972,0.0999103167196154,0,10
"19734",-70.68629,41.252125,0.14825399833353,0,10
"19735",-70.66103,41.252434,0.285685562921572,0,10
"19736",-70.63578,41.252773,0.33338832451409,0,10
"19737",-70.61057,41.25278,0.165009478892898,0,10
"19738",-70.58532,41.25307,0.149810518385493,0,10
"19739",-70.560074,41.253304,0.149535838376323,0,10
"19740",-70.53482,41.253647,0.148986478357983,0,10
"19741",-70.50956,41.253952,0.0998187567165587,0,10
"19742",-70.48431,41.25422,0.100001876722672,0,10
"19743",-70.4591,41.25422,0.0998187567165587,0,10
"19744",-70.4338,41.25475,0.0998187567165587,0,10
"19896",-72.9286,41.20851,0.148986478357983,0,10
"19897",-72.90346,41.208725,0.147887758321303,0,10
"19898",-72.878334,41.20883,0.14825399833353,0,10
"19899",-72.85319,41.209057,0.14962739837938,0,10
"19900",-72.828064,41.209175,0.14935271837021,0,10
"19901",-72.80295,41.209072,0.14935271837021,0,10
"19902",-72.7778,41.209316,0.0863594362672302,0,10
"19903",-72.752655,41.20968,0.148711798348813,0,10
"19904",-72.72754,41.209587,0.0615466754388763,0,10
"19905",-72.70242,41.20947,0.0615466754388763,0,10
"19906",-72.67729,41.209526,0.076013155921828,0,10
"19907",-72.652145,41.209873,0.0808658360838308,0,10
"19908",-72.627,41.210026,0.0615466754388763,0,10
"19909",-72.601875,41.210094,0.0566939952768735,0,10
"19910",-72.57673,41.210266,0.0566939952768735,0,10
"19911",-72.551605,41.210293,0.0566939952768735,0,10
"19912",-72.52646,41.2104,0.0646597155428026,0,10
"19913",-72.501335,41.210423,0.0999103167196154,0,10
"19914",-72.47617,41.210728,0.100001876722672,0,10
"19915",-72.45104,41.210762,0.0663993556008791,0,10
"19916",-72.4259,41.210873,0.140379838070658,0,10
"19917",-72.40074,41.211166,0.100001876722672,0,10
"19918",-72.37562,41.211136,0.0615466754388763,0,10
"19919",-72.35046,41.211414,0.0999103167196154,0,10
"19920",-72.32531,41.21153,0.0999103167196154,0,10
"19921",-72.300156,41.211765,0.0999103167196154,0,10
"19922",-72.275,41.21203,0.0999103167196154,0,10
"19923",-72.24986,41.212025,0.0998187567165587,0,10
"19924",-72.22471,41.212223,0.0998187567165587,0,10
"19927",-72.14925,41.212738,0.0998187567165587,0,10
"19928",-72.124084,41.21297,0.14825399833353,0,10
"19929",-72.09893,41.21314,0.0675896356406156,0,10
"19930",-72.0738,41.21307,0.0998187567165587,0,10
"19934",-71.973145,41.213863,0.0999103167196154,0,10
"19935",-71.94799,41.21401,0.0999103167196154,0,10
"19936",-71.92282,41.21419,0.100001876722672,0,10
"19937",-71.89766,41.214348,0.0999103167196154,0,10
"19938",-71.8725,41.214497,0.14907803836104,0,10
"19939",-71.847336,41.21467,0.100001876722672,0,10
"19940",-71.82214,41.21505,0.0999103167196154,0,10
"19941",-71.796974,41.21518,0.0999103167196154,0,10
"19942",-71.77181,41.215332,0.0993609567012754,0,10
"19943",-71.74664,41.21548,0.146514358275454,0,10
"19944",-71.72149,41.21557,0.146697478281567,0,10
"19945",-71.696304,41.215843,0.149169598364097,0,10
"19946",-71.67113,41.215973,0.14605655826017,0,10
"19947",-71.64594,41.21634,0.149810518385493,0,10
"19948",-71.62077,41.216434,0.100001876722672,0,10
"19952",-71.52009,41.21692,0.14935271837021,0,10
"19953",-71.49489,41.217278,0.14440847820515,0,10
"19954",-71.46972,41.21731,0.14962739837938,0,10
"19955",-71.444534,41.217556,0.125821797584649,0,10
"19956",-71.419334,41.217903,0.125089317560196,0,10
"19957",-71.394135,41.2181,0.148986478357983,0,10
"19958",-71.36897,41.21812,0.14660591827851,0,10
"19959",-71.34378,41.21842,0.141295438101224,0,10
"19960",-71.31859,41.21861,0.149718958382437,0,10
"19961",-71.29342,41.21863,0.149810518385493,0,10
"19962",-71.26821,41.218937,0.27369120252115,0,10
"19963",-71.24302,41.219116,0.147063718293793,0,10
"19964",-71.21783,41.219276,0.192202799800725,0,10
"19965",-71.19263,41.21957,0.261879962126841,0,10
"19982",-70.76409,41.223175,0.148437118339643,0,10
"19983",-70.73885,41.223503,0.199436040042201,0,10
"19984",-70.713615,41.223846,0.141478558107337,0,10
"19985",-70.6884,41.224007,0.148620238345757,0,10
"19986",-70.66316,41.22432,0.243751081521623,0,10
"19992",-70.511765,41.22583,0.146514358275454,0,10
"19994",-70.46131,41.226185,0.0999103167196154,0,10
"19995",-70.43604,41.226635,0.0999103167196154,0,10
"20003",-70.234055,41.22866,0.294475323215011,0,10
"20004",-70.20882,41.228878,0.2668242022919,0,10
"20145",-72.97983,41.18021,0.149444278373267,0,10
"20146",-72.95471,41.18036,0.14907803836104,0,10
"20147",-72.92961,41.180305,0.148986478357983,0,10
"20148",-72.90449,41.1805,0.148711798348813,0,10
"20149",-72.87938,41.180656,0.14962739837938,0,10
"20150",-72.85425,41.18086,0.149993638391607,0,10
"20151",-72.82913,41.180977,0.0817814361143974,0,10
"20152",-72.80402,41.1809,0.0913036764322896,0,10
"20153",-72.77891,41.181118,0.0817814361143974,0,10
"20154",-72.75376,41.18148,0.149993638391607,0,10
"20155",-72.72866,41.181366,0.0761962759279413,0,10
"20156",-72.70354,41.18143,0.0665824756069924,0,10
"20157",-72.67842,41.181595,0.0617297954449896,0,10
"20158",-72.653275,41.18197,0.0568771152829868,0,10
"20159",-72.62816,41.18201,0.0999103167196154,0,10
"20160",-72.60303,41.18219,0.0998187567165587,0,10
"20161",-72.5779,41.182228,0.0998187567165587,0,10
"20162",-72.55278,41.18234,0.0998187567165587,0,10
"20163",-72.527664,41.182392,0.139464238040091,0,10
"20164",-72.50254,41.18252,0.0664909156039357,0,10
"20165",-72.477394,41.182823,0.0617297954449896,0,10
"20166",-72.45227,41.18283,0.0664909156039357,0,10
"20167",-72.42715,41.182945,0.0664909156039357,0,10
"20168",-72.402,41.183212,0.0647512755458592,0,10
"20169",-72.376884,41.18323,0.14935271837021,0,10
"20170",-72.35174,41.18351,0.0998187567165587,0,10
"20171",-72.32661,41.183598,0.149810518385493,0,10
"20175",-72.22605,41.1843,0.100001876722672,0,10
"20177",-72.17577,41.18457,0.403157046843262,0,10
"20178",-72.15062,41.184803,0.199619160048314,0,10
"20179",-72.12548,41.185017,0.149993638391607,0,10
"20180",-72.100334,41.185215,0.0999103167196154,0,10
"20181",-72.07521,41.185143,0.0999103167196154,0,10
"20182",-72.05006,41.185383,0.0999103167196154,0,10
"20183",-72.02491,41.18554,0.0999103167196154,0,10
"20184",-71.999756,41.18574,0.0999103167196154,0,10
"20185",-71.97462,41.185886,0.0999103167196154,0,10
"20186",-71.94946,41.186108,0.0998187567165587,0,10
"20187",-71.92434,41.185978,0.0999103167196154,0,10
"20188",-71.89919,41.18613,0.0999103167196154,0,10
"20189",-71.87404,41.18628,0.0999103167196154,0,10
"20190",-71.84889,41.186428,0.0999103167196154,0,10
"20191",-71.82371,41.18686,0.0999103167196154,0,10
"20192",-71.79855,41.18699,0.100001876722672,0,10
"20193",-71.77341,41.187145,0.0998187567165587,0,10
"20194",-71.748245,41.187267,0.100001876722672,0,10
"20195",-71.7231,41.18736,0.149810518385493,0,10
"20196",-71.69793,41.18763,0.189822239721252,0,10
"20197",-71.672775,41.187763,0.149169598364097,0,10
"20198",-71.64759,41.18813,0.14990207838855,0,10
"20203",-71.52177,41.189003,0.143035078159301,0,10
"20204",-71.4966,41.189228,0.0999103167196154,0,10
"20205",-71.47144,41.189293,0.0999103167196154,0,10
"20206",-71.44625,41.189613,0.149261158367153,0,10
"20207",-71.421074,41.18985,0.148986478357983,0,10
"20208",-71.39589,41.19014,0.14990207838855,0,10
"20209",-71.370735,41.19018,0.14990207838855,0,10
"20210",-71.34556,41.190395,0.235968481261807,0,10
"20211",-71.320366,41.190693,0.245399161576643,0,10
"20212",-71.29521,41.19074,0.260598122084048,0,10
"20213",-71.270035,41.1909,0.186159839598986,0,10
"20234",-70.74091,41.195564,0.148345558336587,0,10
"20235",-70.71569,41.19592,0.284037482866552,0,10
"20236",-70.69051,41.19592,0.249153121701966,0,10
"20237",-70.66528,41.196255,0.199619160048314,0,10
"20256",-70.18593,41.200974,0.283213442839042,0,10
"20393",-73.05613,41.15173,0.149810518385493,0,10
"20394",-73.03103,41.151867,0.149444278373267,0,10
"20395",-73.005936,41.151863,0.149169598364097,0,10
"20396",-72.98082,41.15212,0.14907803836104,0,10
"20397",-72.95572,41.152237,0.148711798348813,0,10
"20398",-72.930626,41.152195,0.0849860362213803,0,10
"20399",-72.90552,41.15243,0.14962739837938,0,10
"20400",-72.88041,41.15256,0.0771118759585079,0,10
"20401",-72.8553,41.15274,0.14962739837938,0,10
"20402",-72.83019,41.152855,0.149169598364097,0,10
"20403",-72.80511,41.152786,0.0819645561205107,0,10
"20404",-72.77999,41.153,0.0819645561205107,0,10
"20405",-72.75486,41.153366,0.148162438330473,0,10
"20406",-72.72977,41.15328,0.0619129154511029,0,10
"20407",-72.70466,41.153366,0.0619129154511029,0,10
"20408",-72.67955,41.15353,0.0619129154511029,0,10
"20409",-72.65443,41.153854,0.0998187567165587,0,10
"20410",-72.62932,41.1539,0.0999103167196154,0,10
"20411",-72.6042,41.154076,0.0570602352891001,0,10
"20412",-72.579094,41.15411,0.148437118339643,0,10
"20413",-72.55398,41.154274,0.0715267157720518,0,10
"20414",-72.52887,41.154297,0.14797931832436,0,10
"20415",-72.50376,41.154408,0.0812320760960574,0,10
"20416",-72.47863,41.154713,0.0763793959340546,0,10
"20417",-72.45352,41.15472,0.0763793959340546,0,10
"20418",-72.428406,41.15483,0.066674035610049,0,10
"20419",-72.403275,41.155117,0.147338398302963,0,10
"20428",-72.177155,41.156464,0.0999103167196154,0,10
"20429",-72.152016,41.1567,0.0667655956131057,0,10
"20430",-72.12688,41.15693,0.0999103167196154,0,10
"20431",-72.101746,41.157127,0.0619129154511029,0,10
"20432",-72.07664,41.15706,0.148437118339643,0,10
"20433",-72.051506,41.157246,0.0999103167196154,0,10
"20434",-72.02637,41.15743,0.0998187567165587,0,10
"20435",-72.001236,41.157608,0.0998187567165587,0,10
"20436",-71.97609,41.15781,0.0998187567165587,0,10
"20437",-71.95096,41.158,0.0998187567165587,0,10
"20438",-71.92581,41.158134,0.0998187567165587,0,10
"20439",-71.900696,41.158104,0.0998187567165587,0,10
"20440",-71.875565,41.158253,0.0998187567165587,0,10
"20441",-71.85042,41.158424,0.0998187567165587,0,10
"20442",-71.825264,41.15875,0.14907803836104,0,10
"20443",-71.800125,41.158855,0.0999103167196154,0,10
"20444",-71.77498,41.159016,0.0999103167196154,0,10
"20445",-71.74985,41.159138,0.100001876722672,0,10
"20446",-71.72471,41.159252,0.193209959834348,0,10
"20447",-71.69954,41.159653,0.140929198088998,0,10
"20448",-71.67439,41.159733,0.143859118186811,0,10
"20449",-71.64923,41.160027,0.149718958382437,0,10
"20454",-71.523476,41.160873,0.08828219633142,0,10
"20455",-71.498314,41.161125,0.14990207838855,0,10
"20456",-71.47317,41.161186,0.143767558183754,0,10
"20457",-71.44799,41.16151,0.149444278373267,0,10
"20458",-71.42283,41.161724,0.149810518385493,0,10
"20459",-71.39765,41.162033,0.149261158367153,0,10
"20460",-71.37251,41.162075,0.232397641142597,0,10
"20461",-71.34734,41.162273,0.362504405486106,0,10
"20639",-73.182495,41.12331,0.14907803836104,0,10
"20643",-73.082146,41.12374,0.149444278373267,0,10
"20644",-73.05707,41.123745,0.14742995830602,0,10
"20645",-73.031975,41.12388,0.149169598364097,0,10
"20646",-73.006905,41.123848,0.148986478357983,0,10
"20647",-72.981804,41.124107,0.14990207838855,0,10
"20648",-72.95671,41.124252,0.149718958382437,0,10
"20649",-72.931625,41.124207,0.14962739837938,0,10
"20650",-72.90653,41.12442,0.149444278373267,0,10
"20651",-72.88144,41.124554,0.149261158367153,0,10
"20652",-72.85634,41.124756,0.0869087962855701,0,10
"20653",-72.831245,41.124878,0.148986478357983,0,10
"20654",-72.80617,41.124775,0.14990207838855,0,10
"20655",-72.78106,41.125015,0.149535838376323,0,10
"20656",-72.75595,41.125355,0.149261158367153,0,10
"20657",-72.73087,41.12529,0.0998187567165587,0,10
"20658",-72.70578,41.12533,0.0999103167196154,0,10
"20659",-72.68068,41.1255,0.0620960354572162,0,10
"20660",-72.65556,41.125843,0.0620960354572162,0,10
"20661",-72.63047,41.125893,0.100001876722672,0,10
"20662",-72.60536,41.12609,0.0620960354572162,0,10
"20663",-72.58027,41.12613,0.0620960354572162,0,10
"20664",-72.55517,41.12627,0.0668571556161623,0,10
"20665",-72.530075,41.12627,0.146148118263227,0,10
"20666",-72.50498,41.12629,0.148437118339643,0,10
"20667",-72.479866,41.1266,0.146239678266284,0,10
"20668",-72.45476,41.12674,0.0765625159401679,0,10
"20677",-72.22879,41.127888,0.0931348764934228,0,10
"20678",-72.20368,41.12795,0.0931348764934228,0,10
"20679",-72.17856,41.12817,0.0931348764934228,0,10
"20680",-72.15343,41.128407,0.0603563953991397,0,10
"20684",-72.05296,41.12898,0.0999103167196154,0,10
"20685",-72.02784,41.12914,0.0998187567165587,0,10
"20686",-72.002716,41.129314,0.100001876722672,0,10
"20687",-71.97759,41.129513,0.0998187567165587,0,10
"20688",-71.95246,41.12968,0.0998187567165587,0,10
"20689",-71.927345,41.12984,0.0999103167196154,0,10
"20690",-71.902214,41.13,0.0999103167196154,0,10
"20691",-71.87709,41.130146,0.100001876722672,0,10
"20692",-71.85197,41.130318,0.0999103167196154,0,10
"20693",-71.82681,41.130722,0.100001876722672,0,10
"20694",-71.80168,41.13086,0.0999103167196154,0,10
"20695",-71.77654,41.131012,0.0997271967135021,0,10
"20696",-71.75143,41.131134,0.0996356367104454,0,10
"20697",-71.726295,41.131252,0.0663077955978224,0,10
"20698",-71.70116,41.1315,0.194583359880198,0,10
"20699",-71.676025,41.131607,0.189364439705969,0,10
"20700",-71.65086,41.131996,0.127652997645782,0,10
"20705",-71.52516,41.132874,0.0999103167196154,0,10
"20706",-71.500015,41.133102,0.199436040042201,0,10
"20707",-71.474884,41.13314,0.149718958382437,0,10
"20708",-71.44972,41.13349,0.14962739837938,0,10
"20709",-71.42457,41.133728,0.199069800029974,0,10
"20710",-71.39941,41.13401,0.131864757786389,0,10
"20888",-73.23351,41.095085,0.149169598364097,0,10
"20889",-73.20845,41.095127,0.14935271837021,0,10
"20890",-73.18337,41.09532,0.148986478357983,0,10
"20891",-73.15831,41.095325,0.149718958382437,0,10
"20892",-73.13322,41.095592,0.149810518385493,0,10
"20893",-73.108154,41.09558,0.149444278373267,0,10
"20894",-73.08308,41.095753,0.149444278373267,0,10
"20895",-73.05801,41.09576,0.149261158367153,0,10
"20896",-73.03293,41.096004,0.149169598364097,0,10
"20897",-73.00786,41.095974,0.184694879550079,0,10
"20898",-72.98278,41.096127,0.149718958382437,0,10
"20899",-72.95769,41.09638,0.149810518385493,0,10
"20900",-72.932625,41.09631,0.14990207838855,0,10
"20901",-72.90755,41.096443,0.149261158367153,0,10
"20902",-72.882454,41.09665,0.197696399984125,0,10
"20903",-72.857376,41.096775,0.343643044856435,0,10
"20904",-72.83229,41.097,0.14990207838855,0,10
"20905",-72.80722,41.0969,0.14935271837021,0,10
"20906",-72.78214,41.097008,0.14907803836104,0,10
"20907",-72.75704,41.09735,0.148894918354927,0,10
"20908",-72.73197,41.097286,0.0621875954602729,0,10
"20909",-72.70688,41.097458,0.0574264753013267,0,10
"20910",-72.681816,41.097336,0.0999103167196154,0,10
"20911",-72.656715,41.097675,0.0670402756222757,0,10
"20912",-72.63163,41.097725,0.148711798348813,0,10
"20913",-72.60654,41.097923,0.149718958382437,0,10
"20914",-72.58146,41.097965,0.145049398226547,0,10
"20915",-72.556366,41.09808,0.144866278220434,0,10
"20916",-72.53129,41.098103,0.14990207838855,0,10
"20917",-72.506195,41.098232,0.144500038208207,0,10
"20924",-72.33052,41.09932,0.630317414426827,0,10
"20927",-72.255226,41.099792,0.0766540759432246,0,10
"20929",-72.20502,41.10008,0.0935926765087061,0,10
"20930",-72.17991,41.1003,0.0556868352432502,0,10
"20935",-72.054375,41.101086,0.0693292756986921,0,10
"20936",-72.029274,41.101273,0.149993638391607,0,10
"20937",-72.00416,41.101444,0.342727444825869,0,10
"20938",-71.97905,41.101593,0.0998187567165587,0,10
"20944",-71.82835,41.102726,0.14962739837938,0,10
"20945",-71.80323,41.102863,0.0998187567165587,0,10
"20946",-71.77811,41.103016,0.0998187567165587,0,10
"20947",-71.753,41.103138,0.0998187567165587,0,10
"20948",-71.72789,41.103237,0.0999103167196154,0,10
"20949",-71.702736,41.10361,0.149810518385493,0,10
"20950",-71.67763,41.103718,0.14990207838855,0,10
"20951",-71.65249,41.104008,0.199527600045258,0,10
"20957",-71.50174,41.1049,0.332930524498806,0,10
"20959",-71.45147,41.105312,0.18194807945838,0,10
"20960",-71.42633,41.105553,0.203922480191977,0,10
"20961",-71.40118,41.10584,0.140929198088998,0,10
"21135",-73.3346,41.066723,0.149718958382437,0,10
"21136",-73.30955,41.06676,0.14962739837938,0,10
"21137",-73.2845,41.06671,0.149535838376323,0,10
"21138",-73.25944,41.067005,0.149261158367153,0,10
"21139",-73.234375,41.06702,0.14935271837021,0,10
"21140",-73.20932,41.067036,0.149810518385493,0,10
"21141",-73.18426,41.067257,0.148986478357983,0,10
"21142",-73.1592,41.067238,0.14990207838855,0,10
"21143",-73.13413,41.067528,0.149261158367153,0,10
"21144",-73.10908,41.067543,0.14962739837938,0,10
"21145",-73.08401,41.067715,0.149810518385493,0,10
"21146",-73.05895,41.067673,0.14990207838855,0,10
"21147",-73.03388,41.067917,0.199619160048314,0,10
"21148",-73.00883,41.06791,0.190463159742649,0,10
"21149",-72.983765,41.06806,0.309765843725472,0,10
"21150",-72.95869,41.068287,0.305004723566526,0,10
"21151",-72.93363,41.06824,0.149718958382437,0,10
"21152",-72.90856,41.06841,0.194400239874085,0,10
"21153",-72.88349,41.068615,0.149444278373267,0,10
"21154",-72.85842,41.068687,0.149993638391607,0,10
"21155",-72.83335,41.068913,0.149810518385493,0,10
"21156",-72.8083,41.06881,0.149810518385493,0,10
"21157",-72.78322,41.068943,0.0837957561816438,0,10
"21158",-72.75813,41.069317,0.193759319852688,0,10
"21159",-72.73308,41.06923,0.381640446124948,0,10
"21160",-72.708,41.069393,0.0673149556314456,0,10
"21161",-72.68293,41.069427,0.148345558336587,0,10
"21162",-72.65785,41.069614,0.14742995830602,0,10
"21163",-72.63278,41.069664,0.0673149556314456,0,10
"21164",-72.607704,41.069843,0.323866084196197,0,10
"21165",-72.58264,41.069878,0.149718958382437,0,10
"21166",-72.557556,41.070015,0.0817814361143974,0,10
"21185",-72.08092,41.072815,0.674632455906249,0,10
"21186",-72.05582,41.073006,0.0998187567165587,0,10
"21187",-72.03072,41.073162,0.0888315563497599,0,10
"21194",-71.85501,41.07435,0.48290580950561,0,10
"21195",-71.82988,41.074753,0.093867356517876,0,10
"21196",-71.80478,41.074867,0.149444278373267,0,10
"21197",-71.77968,41.07502,0.0999103167196154,0,10
"21198",-71.75457,41.07514,0.100001876722672,0,10
"21199",-71.72947,41.075264,0.0999103167196154,0,10
"21200",-71.70435,41.075558,0.148986478357983,0,10
"21201",-71.679245,41.07564,0.198154199999408,0,10
"21202",-71.65412,41.07591,0.262612442151294,0,10
"21384",-73.385506,41.03839,0.149718958382437,0,10
"21385",-73.36045,41.038624,0.149810518385493,0,10
"21386",-73.33541,41.03869,0.149535838376323,0,10
"21387",-73.31037,41.038704,0.0872750362977968,0,10
"21388",-73.28533,41.03876,0.0876412763100234,0,10
"21389",-73.26027,41.039078,0.149169598364097,0,10
"21390",-73.23523,41.039097,0.14990207838855,0,10
"21391",-73.21019,41.03911,0.199527600045258,0,10
"21392",-73.18513,41.039333,0.149810518385493,0,10
"21393",-73.1601,41.03912,0.199161360033031,0,10
"21394",-73.13505,41.039307,0.14962739837938,0,10
"21395",-73.11,41.039326,0.337416964648583,0,10
"21396",-73.084946,41.03958,0.38704248630529,0,10
"21397",-73.059906,41.039562,0.199069800029974,0,10
"21398",-73.03485,41.039696,0.198886680023861,0,10
"21399",-73.00981,41.039696,0.302898843496223,0,10
"21400",-72.98475,41.039955,0.324507004217594,0,10
"21401",-72.959694,41.040073,0.318464044015855,0,10
"21402",-72.93465,41.040054,0.199527600045258,0,10
"21403",-72.909584,41.040295,0.24054648141464,0,10
"21404",-72.88453,41.040375,0.191744999785442,0,10
"21405",-72.859474,41.040577,0.334761724559939,0,10
"21406",-72.83441,41.040695,0.149810518385493,0,10
"21407",-72.809364,41.040623,0.14990207838855,0,10
"21408",-72.78431,41.040836,0.29804616333422,0,10
"21409",-72.75923,41.04118,0.273050282499753,0,10
"21410",-72.734184,41.041115,0.404988246904395,0,10
"21411",-72.70913,41.041157,0.0862678762641735,0,10
"21412",-72.68407,41.041325,0.0772034359615645,0,10
"21413",-72.659,41.041557,0.0772034359615645,0,10
"21414",-72.633934,41.041718,0.0816898761113407,0,10
"21426",-72.33312,41.043186,1.25182671517541,0,10
"21446",-71.83144,41.046497,0.0614551154358196,0,10
"21447",-71.80636,41.046635,0.245032921564416,0,10
"21448",-71.781265,41.046764,0.194033999861858,0,10
"21449",-71.75618,41.04689,0.0999103167196154,0,10
"21450",-71.731094,41.047,0.149810518385493,0,10
"21451",-71.70598,41.04728,0.149810518385493,0,10
"21452",-71.680885,41.047386,0.289988883065234,0,10
"21453",-71.65576,41.047756,0.309216483707132,0,10
"21631",-73.48641,41.009956,0.195407399907708,0,10
"21632",-73.46138,41.010048,0.148894918354927,0,10
"21633",-73.43634,41.0103,0.14990207838855,0,10
"21634",-73.41131,41.010384,0.149261158367153,0,10
"21635",-73.3863,41.010277,0.14962739837938,0,10
"21636",-73.36125,41.010483,0.149535838376323,0,10
"21637",-73.33623,41.010525,0.149444278373267,0,10
"21638",-73.3112,41.01059,0.14935271837021,0,10
"21639",-73.28617,41.01062,0.149810518385493,0,10
"21640",-73.26112,41.01094,0.284220602872665,0,10
"21641",-73.23609,41.010956,0.149810518385493,0,10
"21642",-73.21107,41.010998,0.14990207838855,0,10
"21643",-73.18603,41.011192,0.199161360033031,0,10
"21644",-73.16099,41.011196,0.198520440011634,0,10
"21645",-73.13595,41.011463,0.255196081903705,0,10
"21646",-73.110916,41.011456,0.245216041570529,0,10
"21647",-73.08588,41.011627,0.262704002154351,0,10
"21648",-73.06084,41.011612,0.323774524193141,0,10
"21649",-73.0358,41.01188,0.398762166696542,0,10
"21650",-73.010765,41.01185,0.407460366986925,0,10
"21651",-72.98572,41.012,0.349319765045948,0,10
"21652",-72.96067,41.012226,0.369554525721469,0,10
"21653",-72.93564,41.01218,0.405537606922735,0,10
"21654",-72.9106,41.012318,0.403614846858545,0,10
"21655",-72.885544,41.012524,0.327162244306237,0,10
"21656",-72.860504,41.012627,0.405262926913565,0,10
"21657",-72.83545,41.012848,0.262978682163521,0,10
"21658",-72.81042,41.012775,0.199802280054428,0,10
"21659",-72.78537,41.012886,0.320386804080044,0,10
"21660",-72.760315,41.013206,0.350601605088741,0,10
"21661",-72.73528,41.01314,0.354538685220177,0,10
"21662",-72.71023,41.013313,0.149993638391607,0,10
"21678",-72.309326,41.015614,1.56834964574227,0,10
"21687",-72.08376,41.01669,0.288981723031611,0,10
"21695",-71.88315,41.018112,0.0998187567165587,0,10
"21696",-71.85808,41.018234,0.100001876722672,0,10
"21697",-71.83298,41.01856,0.156402838605572,0,10
"21701",-71.732666,41.01907,0.171784919119091,0,10
"21702",-71.70756,41.01945,0.337691644657752,0,10
"21703",-71.68247,41.019554,0.236792521289317,0,10
"21878",-73.58719,40.98199,0.14990207838855,0,10
"21879",-73.56217,40.982082,0.149535838376323,0,10
"21880",-73.537155,40.98222,0.149444278373267,0,10
"21881",-73.51215,40.982006,0.149261158367153,0,10
"21882",-73.48714,40.982105,0.149169598364097,0,10
"21883",-73.46212,40.9822,0.14990207838855,0,10
"21884",-73.43709,40.982506,0.149718958382437,0,10
"21885",-73.41207,40.982616,0.149718958382437,0,10
"21886",-73.38707,40.98238,0.149535838376323,0,10
"21887",-73.36204,40.982716,0.14935271837021,0,10
"21888",-73.33702,40.98278,0.149261158367153,0,10
"21889",-73.312,40.98282,0.149169598364097,0,10
"21890",-73.28698,40.982876,0.199344480039144,0,10
"21891",-73.261955,40.98309,0.14990207838855,0,10
"21892",-73.23694,40.98311,0.254555161882308,0,10
"21893",-73.21192,40.9831,0.199252920036088,0,10
"21894",-73.18688,40.9834,0.198154199999408,0,10
"21928",-72.3357,40.987293,0.731949017819716,0,10
"21929",-72.31064,40.987537,0.742020618155948,0,10
"21943",-71.95983,40.989857,0.0998187567165587,0,10
"21944",-71.93477,40.990025,0.0998187567165587,0,10
"21945",-71.909706,40.99015,0.280466642747342,0,10
"21946",-71.88464,40.990334,0.220037040729949,0,10
"22127",-73.63788,40.95376,0.18222275946755,0,10
"22128",-73.61288,40.95389,0.149718958382437,0,10
"22129",-73.587875,40.953983,0.149535838376323,0,10
"22130",-73.56287,40.954098,0.14935271837021,0,10
"22131",-73.537865,40.954216,0.149261158367153,0,10
"22132",-73.51288,40.954,0.14907803836104,0,10
"22142",-73.2628,40.955063,0.272226242472243,0,10
"22143",-73.23779,40.95508,0.260415002077934,0,10
"22144",-73.2128,40.954933,0.197971079993295,0,10
"22145",-73.18778,40.95513,0.24329328150634,0,10
"22192",-72.01142,40.961365,0.14962739837938,0,10
"22193",-71.98637,40.961567,0.128202357664122,0,10
"22194",-71.96132,40.961758,0.0999103167196154,0,10
"22195",-71.93629,40.961716,0.0999103167196154,0,10
"22196",-71.91123,40.961872,0.141936358122621,0,10
"22368",-73.888405,40.925106,0.610540453766589,0,10
"22377",-73.66353,40.925625,0.14990207838855,0,10
"22378",-73.638535,40.925728,0.149810518385493,0,10
"22383",-73.5136,40.925972,0.181032479427813,0,10
"22441",-72.06295,40.93299,0.0998187567165587,0,10
"22442",-72.03791,40.933174,0.0998187567165587,0,10
"22447",-71.91271,40.934013,0.18112403943087,0,10
"22618",-73.913925,40.897022,0.718855937382614,0,10
"22619",-73.88895,40.897133,0.633155774521583,0,10
"22626",-73.71413,40.897633,0.0835210761724738,0,10
"22627",-73.68915,40.897747,0.174714839216904,0,10
"22634",-73.51431,40.898075,1.12684731100308,0,10
"22636",-73.46435,40.898273,1.07117882914463,0,10
"22638",-73.414375,40.89861,0.498471010025241,0,10
"22639",-73.38941,40.898453,0.570986532446113,0,10
"22640",-73.36442,40.898685,0.682689736175234,0,10
"22641",-73.33944,40.898754,0.670329135762586,0,10
"22648",-73.164536,40.899406,0.760057938758109,0,10
"22675",-72.489624,40.902576,1.59297928656451,0,10
"22689",-72.13941,40.904755,0.149718958382437,0,10
"22690",-72.114395,40.90493,0.0998187567165587,0,10
"22691",-72.089386,40.904884,0.131223837764992,0,10
"22692",-72.06436,40.90508,0.0999103167196154,0,10
"22693",-72.03934,40.905262,0.100001876722672,0,10
"22694",-72.01431,40.905415,0.199985400060541,0,10
"22869",-73.914444,40.869205,0.632514854500187,0,10
"22870",-73.88947,40.86942,0.724257977562957,0,10
"22880",-73.63984,40.869995,0.651650895139028,0,10
"22935",-72.26582,40.8761,0.14633123826934,0,10
"22937",-72.21582,40.87628,0.100001876722672,0,10
"22938",-72.19081,40.876476,0.0999103167196154,0,10
"22939",-72.1658,40.87669,0.182680559482833,0,10
"22940",-72.14078,40.876923,0.173341439171054,0,10
"22943",-72.06576,40.877354,0.148437118339643,0,10
"22944",-72.04075,40.877518,0.141295438101224,0,10
"22945",-72.01573,40.877697,0.127469877639669,0,10
"23120",-73.91496,40.84126,0.619238654056971,0,10
"23125",-73.79021,40.841698,0.494167689881579,0,10
"23129",-73.69041,40.841988,0.69514189659094,0,10
"23185",-72.29212,40.848034,0.14990207838855,0,10
"23186",-72.26715,40.848034,0.14797931832436,0,10
"23187",-72.24216,40.84826,0.0999103167196154,0,10
"23188",-72.21716,40.848328,0.171143999097694,0,10
"23189",-72.19216,40.84854,0.133512837841408,0,10
"23194",-72.067184,40.84929,0.140379838070658,0,10
"23195",-72.04218,40.849476,0.245856961591926,0,10
"23196",-72.01718,40.849663,0.14880335835187,0,10
"23376",-73.79079,40.813885,0.305279403575696,0,10
"23383",-73.6162,40.81442,0.703290736862982,0,10
"23431",-72.418304,40.819508,0.149169598364097,0,10
"23433",-72.368355,40.819767,0.100001876722672,0,10
"23434",-72.343376,40.819855,0.2131700405007,0,10
"23435",-72.31839,40.820095,0.201267240103334,0,10
"23436",-72.2934,40.82034,0.198978240026918,0,10
"23437",-72.26844,40.820335,0.171968039125204,0,10
"23438",-72.24346,40.820564,0.148620238345757,0,10
"23439",-72.21848,40.820606,0.141661678113451,0,10
"23440",-72.1935,40.820824,0.272500922481413,0,10
"23445",-72.06857,40.821575,0.237341881307657,0,10
"23447",-72.01862,40.821674,0.17810255933,0,10
"23620",-73.96585,40.78543,0.492977409841842,0,10
"23621",-73.940926,40.785576,0.440605088093434,0,10
"23622",-73.916,40.78561,0.642403334830306,0,10
"23623",-73.89107,40.785797,0.546448451626929,0,10
"23625",-73.841225,40.785862,0.60422281355568,0,10
"23626",-73.8163,40.785877,0.66062377543858,0,10
"23679",-72.494415,40.791306,0.146422798272397,0,10
"23680",-72.46945,40.79143,0.198886680023861,0,10
"23681",-72.4445,40.791466,0.149535838376323,0,10
"23684",-72.36963,40.791798,0.215916840592399,0,10
"23685",-72.344666,40.791866,0.250251841738645,0,10
"23686",-72.31969,40.792137,0.163452958840935,0,10
"23871",-73.96635,40.75767,0.434745247897808,0,10
"23872",-73.94143,40.75784,0.627845294344297,0,10
"23873",-73.91652,40.75777,0.729934697752469,0,10
"23926",-72.595406,40.76279,0.148437118339643,0,10
"23927",-72.57047,40.762825,0.148437118339643,0,10
"23928",-72.545525,40.76296,0.145964998257114,0,10
"23929",-72.520584,40.76298,0.14990207838855,0,10
"23930",-72.49563,40.76327,0.149718958382437,0,10
"23931",-72.47068,40.76339,0.191287199770159,0,10
"23932",-72.44575,40.7634,0.208683600350923,0,10
"23933",-72.420784,40.763668,0.197971079993295,0,10
"23934",-72.395836,40.76377,0.169038119027391,0,10
"23935",-72.37087,40.764023,0.261513722114614,0,10
"24173",-72.69627,40.734505,0.0998187567165587,0,10
"24174",-72.671326,40.73485,0.0999103167196154,0,10
"24175",-72.64641,40.734905,0.0996356367104454,0,10
"24176",-72.62147,40.735058,0.0999103167196154,0,10
"24177",-72.59654,40.7351,0.0997271967135021,0,10
"24178",-72.57161,40.73524,0.0997271967135021,0,10
"24179",-72.546684,40.735268,0.149810518385493,0,10
"24180",-72.52175,40.7354,0.196139879932161,0,10
"24181",-72.4968,40.735687,0.147613078312133,0,10
"24182",-72.47189,40.73554,0.148345558336587,0,10
"24183",-72.44696,40.73555,0.225622200916405,0,10
"24184",-72.42202,40.735794,0.149993638391607,0,10
"24185",-72.39708,40.735893,0.224981280895008,0,10
"24186",-72.37213,40.73618,0.2695710023836,0,10
"24367",-74.116646,40.701946,0.470545209092961,0,10
"24368",-74.09176,40.70188,0.731216537795262,0,10
"24371",-74.0171,40.702118,0.526396810957522,0,10
"24372",-73.99221,40.702145,0.833397501206491,0,10
"24373",-73.96733,40.70208,0.62857777436875,0,10
"24420",-72.79704,40.706078,0.0998187567165587,0,10
"24421",-72.77212,40.706417,0.148711798348813,0,10
"24423",-72.722305,40.70643,0.0999103167196154,0,10
"24424",-72.69738,40.7066,0.0998187567165587,0,10
"24425",-72.67245,40.706898,0.100001876722672,0,10
"24426",-72.64754,40.706947,0.0998187567165587,0,10
"24427",-72.62261,40.707127,0.100001876722672,0,10
"24428",-72.5977,40.70717,0.0998187567165587,0,10
"24429",-72.57278,40.70731,0.0996356367104454,0,10
"24430",-72.54787,40.70734,0.0998187567165587,0,10
"24431",-72.52294,40.70747,0.125089317560196,0,10
"24432",-72.49801,40.70773,0.14907803836104,0,10
"24433",-72.4731,40.70775,0.15100079842523,0,10
"24434",-72.44817,40.707886,0.295390923245577,0,10
"24618",-74.117065,40.674034,1.31509467728756,0,10
"24619",-74.0922,40.67405,0.968356945712003,0,10
"24620",-74.06732,40.674007,0.516966130642686,0,10
"24621",-74.04245,40.674232,0.331099324437673,0,10
"24668",-72.87278,40.67822,0.0999103167196154,0,10
"24669",-72.84788,40.67829,0.0999103167196154,0,10
"24670",-72.82299,40.678223,0.0999103167196154,0,10
"24671",-72.79808,40.67841,0.0999103167196154,0,10
"24672",-72.77316,40.678783,0.14633123826934,0,10
"24673",-72.748276,40.6787,0.0999103167196154,0,10
"24674",-72.72337,40.678764,0.100001876722672,0,10
"24675",-72.69846,40.678932,0.0998187567165587,0,10
"24676",-72.673546,40.679234,0.149718958382437,0,10
"24677",-72.64864,40.679287,0.0997271967135021,0,10
"24678",-72.62373,40.679462,0.0999103167196154,0,10
"24679",-72.59883,40.67951,0.0999103167196154,0,10
"24680",-72.57392,40.67965,0.149810518385493,0,10
"24681",-72.54904,40.67949,0.0999103167196154,0,10
"24682",-72.52414,40.679546,0.352249685143761,0,10
"24867",-74.16721,40.6463,1.19304519321304,0,10
"24868",-74.14236,40.646122,1.21694235401083,0,10
"24869",-74.117485,40.646328,0.680492296101875,0,10
"24870",-74.09263,40.646267,0.952242385174031,0,10
"24871",-74.067764,40.646313,0.477870009337494,0,10
"24872",-74.0429,40.64653,0.377611805990455,0,10
"24873",-74.018036,40.646484,1.30474839694216,0,10
"24881",-73.819115,40.6469,1.18654443299602,0,10
"24882",-73.79424,40.647038,0.745225218262931,0,10
"24917",-72.92359,40.6499,0.0999103167196154,0,10
"24918",-72.89869,40.650085,0.0999103167196154,0,10
"24919",-72.87381,40.650215,0.0998187567165587,0,10
"24920",-72.84891,40.650414,0.0996356367104454,0,10
"24921",-72.824036,40.650345,0.100001876722672,0,10
"24922",-72.79915,40.650436,0.198978240026918,0,10
"24923",-72.77424,40.6508,0.1485286783427,0,10
"24924",-72.74937,40.65072,0.131406957771105,0,10
"24925",-72.724464,40.650864,0.0998187567165587,0,10
"24926",-72.69958,40.65093,0.0998187567165587,0,10
"24927",-72.67467,40.65128,0.0998187567165587,0,10
"24928",-72.64977,40.651436,0.187899479657062,0,10
"24929",-72.624886,40.65148,0.0998187567165587,0,10
"24930",-72.59998,40.65163,0.265908602261334,0,10
"25123",-74.04336,40.61865,0.608251453690173,0,10
"25134",-73.769966,40.619164,0.615484693931649,0,10
"25168",-72.92457,40.622288,0.0999103167196154,0,10
"25169",-72.89968,40.622475,0.100001876722672,0,10
"25170",-72.87481,40.622604,0.0999103167196154,0,10
"25171",-72.849915,40.622807,0.14935271837021,0,10
"25172",-72.82506,40.622738,0.149718958382437,0,10
"25173",-72.80018,40.622826,0.14962739837938,0,10
"25174",-72.77528,40.62319,0.149535838376323,0,10
"25175",-72.75042,40.62311,0.14962739837938,0,10
"25176",-72.72553,40.623257,0.100001876722672,0,10
"25177",-72.70066,40.623318,0.0999103167196154,0,10
"25178",-72.67576,40.623642,0.100001876722672,0,10
"25179",-72.65087,40.62383,0.167939398990711,0,10
"25374",-74.0438,40.591244,0.236884081292374,0,10
"25376",-73.99412,40.59122,0.858942742059298,0,10
"25380",-73.894745,40.59153,0.916167743969709,0,10
"25403",-73.32328,40.592888,0.100001876722672,0,10
"25405",-73.27357,40.593132,0.0999103167196154,0,10
"25411",-73.12443,40.59366,0.0999103167196154,0,10
"25412",-73.09956,40.593918,0.0999103167196154,0,10
"25413",-73.074715,40.593906,0.0998187567165587,0,10
"25420",-72.90068,40.59469,0.0966141566095757,0,10
"25421",-72.87581,40.594917,0.0997271967135021,0,10
"25422",-72.850945,40.595016,0.14633123826934,0,10
"25423",-72.82609,40.594948,0.149718958382437,0,10
"25424",-72.801216,40.59514,0.149535838376323,0,10
"25425",-72.77634,40.59548,0.14935271837021,0,10
"25426",-72.75148,40.595394,0.12005351739208,0,10
"25427",-72.726616,40.595467,0.149718958382437,0,10
"25428",-72.701744,40.595608,0.147613078312133,0,10
"25429",-72.676865,40.595963,0.0998187567165587,0,10
"25618",-74.218056,40.56277,0.994634666589263,0,10
"25619",-74.19322,40.563046,0.597722053338657,0,10
"25625",-74.04425,40.563366,0.186526079611212,0,10
"25626",-74.01943,40.563293,0.247962841662229,0,10
"25627",-73.9946,40.563347,0.414144247210061,0,10
"25628",-73.96977,40.563286,0.291362283111084,0,10
"25629",-73.94494,40.563457,0.408009727005265,0,10
"25647",-73.49794,40.564594,0.14742995830602,0,10
"25649",-73.44825,40.565018,0.148345558336587,0,10
"25650",-73.423416,40.565083,0.0999103167196154,0,10
"25651",-73.39859,40.564877,0.0999103167196154,0,10
"25652",-73.37373,40.565216,0.0999103167196154,0,10
"25653",-73.3489,40.565258,0.0999103167196154,0,10
"25654",-73.324066,40.565296,0.0999103167196154,0,10
"25655",-73.29922,40.56533,0.0998187567165587,0,10
"25656",-73.274376,40.565544,0.0998187567165587,0,10
"25657",-73.249535,40.56559,0.0999103167196154,0,10
"25658",-73.22469,40.56561,0.0999103167196154,0,10
"25659",-73.19984,40.565887,0.0999103167196154,0,10
"25660",-73.175,40.5659,0.100001876722672,0,10
"25661",-73.150154,40.566055,0.33283896449575,0,10
"25662",-73.12531,40.566055,0.244941361561359,0,10
"25663",-73.10045,40.566338,0.0998187567165587,0,10
"25664",-73.075615,40.56632,0.0999103167196154,0,10
"25665",-73.05076,40.566456,0.100001876722672,0,10
"25666",-73.025925,40.566433,0.0999103167196154,0,10
"25667",-73.00106,40.566692,0.192019679794612,0,10
"25668",-72.97621,40.56679,0.14935271837021,0,10
"25669",-72.95137,40.56675,0.100001876722672,0,10
"25670",-72.92651,40.566998,0.0999103167196154,0,10
"25671",-72.901665,40.5671,0.137907717988128,0,10
"25672",-72.87681,40.56723,0.0999103167196154,0,10
"25673",-72.851944,40.5674,0.149444278373267,0,10
"25677",-72.75255,40.567688,0.149261158367153,0,10
"25678",-72.727684,40.56786,0.253181761836458,0,10
"25679",-72.70283,40.56792,0.248054401665286,0,10
"25680",-72.67797,40.568085,0.270761282423337,0,10
"25874",-74.09434,40.53552,0.149810518385493,0,10
"25875",-74.06953,40.53554,0.149810518385493,0,10
"25876",-74.04471,40.535496,0.149535838376323,0,10
"25877",-74.0199,40.535522,0.149810518385493,0,10
"25878",-73.99508,40.53547,0.0827885961480206,0,10
"25879",-73.97027,40.53552,0.0872750362977968,0,10
"25880",-73.94544,40.535686,0.187441679641779,0,10
"25881",-73.92063,40.53559,0.154754758550553,0,10
"25882",-73.895805,40.53581,0.14907803836104,0,10
"25883",-73.87099,40.535805,0.14990207838855,0,10
"25884",-73.84616,40.535954,0.227728080986708,0,10
"25885",-73.82136,40.535866,0.259590962050424,0,10
"25886",-73.796524,40.536003,0.274606802551716,0,10
"25887",-73.771706,40.536007,0.27039504241111,0,10
"25888",-73.74689,40.536163,0.256111681934271,0,10
"25889",-73.72206,40.536285,0.199161360033031,0,10
"25890",-73.697235,40.536385,0.140654518079828,0,10
"25891",-73.672424,40.53626,0.199527600045258,0,10
"25892",-73.6476,40.53637,0.14990207838855,0,10
"25893",-73.62277,40.536522,0.14742995830602,0,10
"25894",-73.597946,40.53662,0.0998187567165587,0,10
"25895",-73.57313,40.536716,0.0998187567165587,0,10
"25896",-73.548294,40.536823,0.0999103167196154,0,10
"25897",-73.52348,40.53675,0.100001876722672,0,10
"25898",-73.49866,40.536823,0.149169598364097,0,10
"25899",-73.47383,40.536926,0.282938762829872,0,10
"25900",-73.44899,40.537148,0.100001876722672,0,10
"25901",-73.424164,40.537212,0.0999103167196154,0,10
"25902",-73.39935,40.53711,0.100001876722672,0,10
"25903",-73.37451,40.537342,0.0999103167196154,0,10
"25904",-73.349686,40.537384,0.0999103167196154,0,10
"25905",-73.32486,40.537426,0.0999103167196154,0,10
"25906",-73.30003,40.53746,0.100001876722672,0,10
"25907",-73.27519,40.537777,0.0996356367104454,0,10
"25908",-73.25037,40.537804,0.0998187567165587,0,10
"25909",-73.22554,40.537823,0.0997271967135021,0,10
"25910",-73.2007,40.538013,0.0999103167196154,0,10
"25911",-73.17587,40.538,0.0998187567165587,0,10
"25912",-73.151024,40.53827,0.199802280054428,0,10
"25913",-73.1262,40.53829,0.316266603942495,0,10
"25917",-73.02686,40.538673,0.109066317025281,0,10
"25918",-73.00202,40.538826,0.14605655826017,0,10
"25919",-72.97718,40.539005,0.199802280054428,0,10
"25920",-72.95235,40.538963,0.100001876722672,0,10
"25921",-72.927505,40.539104,0.0999103167196154,0,10
"25922",-72.90266,40.53931,0.130857597752765,0,10
"25923",-72.877815,40.53944,0.194858039889368,0,10
"25924",-72.852974,40.539642,0.149261158367153,0,10
"26122",-74.169174,40.50775,0.439964168072038,0,10
"26123",-74.14438,40.507576,0.199985400060541,0,10
"26124",-74.11957,40.50781,0.149810518385493,0,10
"26125",-74.094765,40.50786,0.149535838376323,0,10
"26126",-74.06997,40.50777,0.0832463961633039,0,10
"26127",-74.04515,40.508015,0.14990207838855,0,10
"26128",-74.02035,40.50804,0.14990207838855,0,10
"26129",-73.995544,40.507988,0.149810518385493,0,10
"26134",-73.871506,40.508324,0.356827685296594,0,10
"26135",-73.8467,40.508472,0.257759761989291,0,10
"26136",-73.8219,40.508385,0.255653881918988,0,10
"26137",-73.79709,40.508522,0.274332122542546,0,10
"26138",-73.77228,40.5085,0.168122518996825,0,10
"26139",-73.74747,40.508686,0.258217562004575,0,10
"26140",-73.72265,40.50881,0.177186959299434,0,10
"26143",-73.648224,40.50889,0.152282638468023,0,10
"26144",-73.62341,40.509014,0.149810518385493,0,10
"26145",-73.5986,40.509113,0.14990207838855,0,10
"26146",-73.57379,40.50923,0.148620238345757,0,10
"26147",-73.54897,40.509346,0.0996356367104454,0,10
"26148",-73.52417,40.509247,0.100001876722672,0,10
"26149",-73.49935,40.50932,0.100001876722672,0,10
"26150",-73.47454,40.509445,0.148620238345757,0,10
"26151",-73.44971,40.50967,0.149993638391607,0,10
"26152",-73.4249,40.50973,0.0999103167196154,0,10
"26153",-73.40009,40.509605,0.0999103167196154,0,10
"26154",-73.37527,40.50984,0.0998187567165587,0,10
"26155",-73.350464,40.509724,0.0999103167196154,0,10
"26156",-73.325645,40.509766,0.0999103167196154,0,10
"26157",-73.300835,40.509796,0.0998187567165587,0,10
"26158",-73.27601,40.510014,0.0998187567165587,0,10
"26159",-73.25119,40.510033,0.100001876722672,0,10
"26160",-73.22638,40.510056,0.149810518385493,0,10
"26164",-73.12708,40.510494,0.259133162035141,0,10
"26165",-73.10225,40.510777,0.247321921640832,0,10
"26169",-73.00296,40.51114,0.197055479962728,0,10
"26170",-72.978134,40.51124,0.195865199922991,0,10
"26171",-72.95332,40.511196,0.14962739837938,0,10
"26172",-72.92848,40.51144,0.147338398302963,0,10
"26173",-72.903656,40.51155,0.148070878327417,0,10
"26174",-72.878815,40.511784,0.149718958382437,0,10
"26371",-74.219154,40.479965,0.149993638391607,0,10
"26372",-74.19436,40.480213,0.268380722343863,0,10
"26374",-74.144775,40.479996,0.199619160048314,0,10
"26375",-74.11999,40.480225,0.149993638391607,0,10
"26376",-74.09519,40.480278,0.08855687634059,0,10
"26377",-74.0704,40.48021,0.149718958382437,0,10
"26378",-74.0456,40.48043,0.0847113562122104,0,10
"26379",-74.020805,40.48046,0.318555604018911,0,10
"26380",-73.99602,40.480408,0.489315009719576,0,10
"26381",-73.97122,40.480453,0.388873686366423,0,10
"26382",-73.94642,40.480625,0.235144441234297,0,10
"26383",-73.92164,40.480526,0.14907803836104,0,10
"26384",-73.89683,40.480743,0.198795120020804,0,10
"26385",-73.87204,40.480743,0.267556682316354,0,10
"26386",-73.847244,40.480896,0.229009921029501,0,10
"26387",-73.82245,40.4808,0.162262678801198,0,10
"26388",-73.797646,40.48094,0.278269202673982,0,10
"26389",-73.77285,40.48094,0.162720478816482,0,10
"26390",-73.748055,40.481102,0.233404801176221,0,10
"26391",-73.72325,40.481205,0.146514358275454,0,10
"26396",-73.59926,40.481564,0.149810518385493,0,10
"26397",-73.57445,40.481655,0.149810518385493,0,10
"26398",-73.54965,40.48177,0.199344480039144,0,10
"26399",-73.52486,40.481667,0.174440159207734,0,10
"26400",-73.500046,40.48177,0.290629803086631,0,10
"26401",-73.47525,40.48187,0.139189558030921,0,10
"26402",-73.45044,40.48209,0.199985400060541,0,10
"26403",-73.42564,40.482155,0.0998187567165587,0,10
"26404",-73.40085,40.48192,0.0999103167196154,0,10
"26405",-73.37603,40.482258,0.0999103167196154,0,10
"26406",-73.35123,40.482304,0.0997271967135021,0,10
"26407",-73.326416,40.482372,0.0997271967135021,0,10
"26408",-73.30162,40.482407,0.0997271967135021,0,10
"26409",-73.2768,40.482616,0.0996356367104454,0,10
"26410",-73.252,40.482643,0.0998187567165587,0,10
"26411",-73.227196,40.482662,0.149993638391607,0,10
"26412",-73.20238,40.48294,0.197971079993295,0,10
"26416",-73.10313,40.483387,0.17672915928415,0,10
"26422",-72.95426,40.48381,0.149444278373267,0,10
"26423",-72.92944,40.484024,0.149535838376323,0,10
"26424",-72.90462,40.484135,0.0999103167196154,0,10
"26425",-72.87982,40.484104,0.149718958382437,0,10
"26622",-74.21953,40.452118,1.18691067300824,0,10
"26623",-74.19474,40.45237,1.16008359211264,0,10
"26624",-74.16996,40.45243,1.23351471456408,0,10
"26625",-74.14518,40.452255,1.28130903615966,0,10
"26626",-74.12039,40.452515,0.671977215817606,0,10
"26631",-73.9965,40.45267,0.682048816153838,0,10
"26633",-73.94693,40.452778,0.0991778366951621,0,10
"26634",-73.92215,40.45279,0.141753238116507,0,10
"26635",-73.897354,40.453003,0.199161360033031,0,10
"26636",-73.872574,40.4529,0.355637405256857,0,10
"26637",-73.847786,40.453045,0.126920517621329,0,10
"26638",-73.823006,40.453064,0.192019679794612,0,10
"26639",-73.79822,40.453205,0.211430400442623,0,10
"26640",-73.77344,40.453102,0.192111239797669,0,10
"26648",-73.57513,40.45389,0.258034441998461,0,10
"26652",-73.475975,40.454025,0.198978240026918,0,10
"26653",-73.45117,40.45433,0.14907803836104,0,10
"26654",-73.42638,40.45442,0.100001876722672,0,10
"26655",-73.4016,40.45418,0.143584438177641,0,10
"26656",-73.3768,40.45453,0.14797931832436,0,10
"26657",-73.352005,40.45457,0.14962739837938,0,10
"26658",-73.32722,40.45461,0.149993638391607,0,10
"26659",-73.30242,40.45467,0.148894918354927,0,10
"26660",-73.277626,40.454857,0.0999103167196154,0,10
"26661",-73.25283,40.454884,0.148620238345757,0,10
"26662",-73.228035,40.45493,0.149718958382437,0,10
"26663",-73.20323,40.45518,0.195773639919935,0,10
"26669",-73.054436,40.45575,0.120419757404306,0,10
"26673",-72.95523,40.456047,0.14990207838855,0,10
"26674",-72.93042,40.456295,0.197787959987181,0,10
"26884",-73.94741,40.425358,0.114376797202567,0,10
"26885",-73.922646,40.425373,0.181215599433926,0,10
"26887",-73.8731,40.425476,0.216740880619909,0,10
"26888",-73.84832,40.42563,0.244483561546076,0,10
"26889",-73.82355,40.425644,0.263070242166577,0,10
"26890",-73.798775,40.42578,0.17672915928415,0,10
"26891",-73.77401,40.425655,0.300060483401467,0,10
"26905",-73.427124,40.42671,0.14990207838855,0,10
"26909",-73.328,40.426903,0.0999103167196154,0,10
"26910",-73.30322,40.42696,0.148437118339643,0,10
"26911",-73.27843,40.427254,0.0999103167196154,0,10
"26912",-73.25365,40.42728,0.144591598211264,0,10
"26913",-73.22887,40.42732,0.149810518385493,0,10
"26914",-73.20408,40.427475,0.253914241860912,0,10
"26915",-73.1793,40.42751,0.185702039583703,0,10
"26916",-73.154495,40.427742,0.199619160048314,0,10
"27135",-73.947914,40.397625,0.126828957618272,0,10
"27136",-73.92316,40.397552,0.149810518385493,0,10
"27137",-73.898384,40.397743,0.198520440011634,0,10
"27138",-73.87363,40.397766,0.237891241325997,0,10
"27139",-73.84887,40.39792,0.270761282423337,0,10
"27140",-73.824104,40.39783,0.230017081063124,0,10
"27141",-73.79935,40.39797,0.251899921793665,0,10
"27161",-73.304016,40.39941,0.130399797737482,0,10
"27162",-73.27923,40.399708,0.198428880008578,0,10
"27163",-73.254456,40.399757,0.149993638391607,0,10
"27167",-73.15536,40.400196,0.208042680329527,0,10
"27387",-73.92366,40.370033,0.169038119027391,0,10
"27388",-73.898895,40.37022,0.149810518385493,0,10
"27389",-73.87415,40.370216,0.199161360033031,0,10
"27390",-73.849396,40.370396,0.170594639079354,0,10
"27391",-73.82466,40.370277,0.189455999709025,0,10
"27392",-73.79991,40.37042,0.220586400748289,0,10
"27413",-73.28004,40.372086,0.149993638391607,0,10
"27414",-73.25527,40.37211,0.275247722573113,0,10
"27638",-73.924164,40.34243,0.134336877868918,0,10
"27639",-73.899414,40.342617,0.20795112032647,0,10
"27640",-73.87469,40.34254,0.297679923321994,0,10
"27890",-73.899925,40.315285,0.277262042640359,0,10
"27891",-73.8752,40.3152,0.208134240332583,0,10
"28140",-73.92516,40.28731,0.144866278220434,0,10
"28141",-73.900444,40.2875,0.149993638391607,0,10
"28142",-73.87573,40.287525,0.236060041264864,0,10
"28390",-73.950356,40.25989,0.148620238345757,0,10
"28391",-73.92566,40.259903,0.148711798348813,0,10
"28392",-73.90095,40.26009,0.133879077853635,0,10
"28393",-73.87625,40.26001,0.198520440011634,0,10
"28641",-73.95084,40.232403,0.0978959966523689,0,10
"28642",-73.926155,40.232334,0.149718958382437,0,10
"28643",-73.90146,40.23252,0.14990207838855,0,10
"28644",-73.87677,40.23252,0.14962739837938,0,10
"28647",-73.8027,40.232723,0.209232960369263,0,10
"28891",-73.976006,40.204952,0.124356837535743,0,10
"28892",-73.95132,40.205124,0.157043758626969,0,10
"28893",-73.92665,40.20503,0.133421277838352,0,10
"28894",-73.90196,40.205215,0.148894918354927,0,10
"28895",-73.8773,40.204956,0.14990207838855,0,10
"28898",-73.803246,40.205265,0.17920127936668,0,10
"29142",-73.97649,40.17715,0.154571638544439,0,10
"29143",-73.95182,40.1773,0.133604397844465,0,10
"29144",-73.927155,40.177334,0.14990207838855,0,10
"29145",-73.90247,40.177525,0.149810518385493,0,10
"29146",-73.877815,40.17744,0.14990207838855,0,10
"29147",-73.85314,40.177597,0.166108198929578,0,10
"29148",-73.828476,40.17759,0.260140322068764,0,10
"29149",-73.8038,40.177727,0.202823760155297,0,10
"29393",-73.97695,40.149956,0.171235559100751,0,10
"29394",-73.95229,40.150124,0.14935271837021,0,10
"29395",-73.92764,40.15006,0.149261158367153,0,10
"29396",-73.90298,40.15025,0.149169598364097,0,10
"29397",-73.87833,40.150272,0.14990207838855,0,10
"29398",-73.85366,40.150425,0.14990207838855,0,10
"29399",-73.82901,40.15031,0.205845240256167,0,10
"29400",-73.804344,40.15045,0.223424760843045,0,10
"29644",-73.977425,40.1226,0.148986478357983,0,10
"29645",-73.952774,40.122776,0.14880335835187,0,10
"29646",-73.92813,40.122707,0.145049398226547,0,10
"29647",-73.90348,40.1229,0.149261158367153,0,10
"29648",-73.87884,40.122894,0.149718958382437,0,10
"29649",-73.85419,40.12305,0.199710720051371,0,10
"29650",-73.829544,40.12296,0.199802280054428,0,10
"29895",-73.9779,40.095173,0.14495783822349,0,10
"29896",-73.95326,40.095345,0.149169598364097,0,10
"29897",-73.92863,40.09528,0.149535838376323,0,10
"29898",-73.903984,40.095467,0.14990207838855,0,10
"29899",-73.87936,40.095444,0.149535838376323,0,10
"29900",-73.85471,40.095596,0.149993638391607,0,10
"29901",-73.83009,40.095505,0.199802280054428,0,10
"30146",-73.97837,40.06759,0.136717437948391,0,10
"30147",-73.95374,40.067757,0.134519997875032,0,10
"30148",-73.92912,40.067776,0.149261158367153,0,10
"30149",-73.904495,40.06796,0.147887758321303,0,10
"30150",-73.879875,40.06786,0.148894918354927,0,10
"30151",-73.855255,40.06801,0.14990207838855,0,10
"30152",-73.83063,40.068024,0.178835039354453,0,10
"30396",-74.00344,40.0404,0.149718958382437,0,10
"30397",-73.97883,40.04045,0.148070878327417,0,10
"30398",-73.954216,40.0406,0.149535838376323,0,10
"30399",-73.92961,40.04053,0.0998187567165587,0,10
"30400",-73.90499,40.04072,0.149444278373267,0,10
"30401",-73.88038,40.04072,0.149718958382437,0,10
"30402",-73.85577,40.040874,0.14990207838855,0,10
"30647",-74.0039,40.012985,0.14468315821432,0,10
"30648",-73.9793,40.013027,0.14907803836104,0,10
"30649",-73.954704,40.013203,0.14880335835187,0,10
"30650",-73.93011,40.01311,0.14523251823266,0,10
"30651",-73.905495,40.013298,0.148986478357983,0,10
"30652",-73.88089,40.013325,0.149810518385493,0,10
"30653",-73.85629,40.013474,0.169038119027391,0,10
"30898",-74.00436,39.985714,0.148986478357983,0,10
"30899",-73.97977,39.985737,0.14907803836104,0,10
"30900",-73.95517,39.985912,0.14935271837021,0,10
"30901",-73.93059,39.985844,0.149169598364097,0,10
"30902",-73.906,39.98603,0.149718958382437,0,10
"30903",-73.88141,39.98603,0.149993638391607,0,10
"30904",-73.85681,39.986187,0.14935271837021,0,10
"31148",-74.02938,39.958294,0.145598758244887,0,10
"31149",-74.00481,39.958347,0.149718958382437,0,10
"31150",-73.98024,39.958263,0.149261158367153,0,10
"31151",-73.95566,39.958435,0.14907803836104,0,10
"31152",-73.93108,39.958477,0.148070878327417,0,10
"31153",-73.906494,39.958637,0.149444278373267,0,10
"31154",-73.88193,39.95856,0.149718958382437,0,10
"31155",-73.857346,39.95871,0.190737839751819,0,10
"31156",-73.83276,39.958702,0.276621122618963,0,10
"31400",-74.005264,39.930954,0.149261158367153,0,10
"31401",-73.980705,39.930866,0.14715527829685,0,10
"31402",-73.95614,39.93104,0.148986478357983,0,10
"31403",-73.931564,39.93108,0.149718958382437,0,10
"31404",-73.907,39.931267,0.147887758321303,0,10
"31405",-73.88244,39.931164,0.325605724254274,0,10
"31406",-73.857864,39.93132,0.170686199082411,0,10
"31407",-73.8333,39.931335,0.245032921564416,0,10
"31650",-74.030266,39.903816,0.127469877639669,0,10
"31651",-74.005714,39.90377,0.149169598364097,0,10
"31652",-73.98116,39.903793,0.14907803836104,0,10
"31653",-73.956604,39.903934,0.145964998257114,0,10
"31654",-73.93205,39.903873,0.14990207838855,0,10
"31655",-73.90749,39.904064,0.149444278373267,0,10
"31656",-73.882935,39.904064,0.231390481108974,0,10
"31901",-74.03071,39.876556,0.134153757862805,0,10
"31902",-74.006165,39.87651,0.149444278373267,0,10
"31903",-73.98163,39.87653,0.14935271837021,0,10
"31904",-73.95708,39.876705,0.14990207838855,0,10
"31905",-73.93253,39.87664,0.136076517926995,0,10
"31906",-73.90798,39.876823,0.149169598364097,0,10
"31907",-73.88344,39.87681,0.149993638391607,0,10
"32153",-74.006615,39.84933,0.148986478357983,0,10
"32154",-73.982086,39.849358,0.1485286783427,0,10
"32155",-73.95755,39.849525,0.14825399833353,0,10
"32156",-73.93302,39.84946,0.149169598364097,0,10
"32157",-73.90848,39.849625,0.149444278373267,0,10
"32158",-73.88396,39.849365,0.14990207838855,0,10
"32403",-74.031586,39.821865,0.14907803836104,0,10
"32404",-74.00707,39.82181,0.149261158367153,0,10
"32405",-73.98255,39.821835,0.14797931832436,0,10
"32406",-73.95802,39.821987,0.144225358199037,0,10
"32407",-73.93351,39.82189,0.142760398150131,0,10
"32408",-73.90899,39.822083,0.146422798272397,0,10
"32409",-73.88447,39.822105,0.14880335835187,0,10
"32654",-74.03203,39.794636,0.146422798272397,0,10
"32655",-74.00752,39.79456,0.146972158290737,0,10
"32656",-73.98301,39.79461,0.14660591827851,0,10
"32657",-73.958496,39.79478,0.14907803836104,0,10
"32658",-73.934,39.794685,0.149810518385493,0,10
"32659",-73.90948,39.79488,0.269204762371373,0,10
"32660",-73.88497,39.794857,0.196872359956615,0,10
"32905",-74.03246,39.767513,0.148894918354927,0,10
"32906",-74.007965,39.767536,0.14962739837938,0,10
"32907",-73.98347,39.76746,0.14907803836104,0,10
"32908",-73.95897,39.76766,0.148986478357983,0,10
"32909",-73.93447,39.767666,0.148620238345757,0,10
"32910",-73.909966,39.767857,0.199436040042201,0,10
"32911",-73.88547,39.767754,0.194400239874085,0,10
"33156",-74.0329,39.740368,0.0999103167196154,0,10
"33157",-74.008415,39.740395,0.0998187567165587,0,10
"33158",-73.983925,39.740337,0.0998187567165587,0,10
"33159",-73.959435,39.74051,0.100001876722672,0,10
"33160",-73.934944,39.740524,0.0998187567165587,0,10
"33161",-73.91045,39.74071,0.149718958382437,0,10
"33162",-73.88597,39.740612,0.275705522588396,0,10
"33163",-73.86147,39.740765,0.182588999479776,0,10
"33406",-74.057816,39.713028,0.0998187567165587,0,10
"33407",-74.03334,39.71299,0.0997271967135021,0,10
"33408",-74.008865,39.713013,0.0999103167196154,0,10
"33409",-73.98439,39.712963,0.100001876722672,0,10
"33410",-73.959915,39.713135,0.0996356367104454,0,10
"33411",-73.93544,39.713146,0.0999103167196154,0,10
"33412",-73.91095,39.71331,0.0998187567165587,0,10
"33413",-73.88648,39.71321,0.0945998365423293,0,10
"33414",-73.862,39.713364,0.20822580033564,0,10
"33657",-74.05824,39.685913,0.0999103167196154,0,10
"33658",-74.033775,39.685863,0.0999103167196154,0,10
"33659",-74.00931,39.685898,0.0997271967135021,0,10
"33660",-73.98485,39.68584,0.0998187567165587,0,10
"33661",-73.96037,39.686016,0.0999103167196154,0,10
"33662",-73.93591,39.686028,0.199436040042201,0,10
"33663",-73.91144,39.686214,0.14907803836104,0,10
"33664",-73.88698,39.68612,0.17975063938502,0,10
"33665",-73.8625,39.68625,0.273324962508923,0,10
"33906",-74.107574,39.658478,0.145598758244887,0,10
"33907",-74.08312,39.658417,0.0999103167196154,0,10
"33908",-74.05866,39.65864,0.0998187567165587,0,10
"33909",-74.03421,39.658672,0.0998187567165587,0,10
"33910",-74.00976,39.65862,0.0998187567165587,0,10
"33911",-73.985306,39.658543,0.0999103167196154,0,10
"33912",-73.960846,39.658714,0.0999103167196154,0,10
"33913",-73.93639,39.658756,0.199344480039144,0,10
"33914",-73.911934,39.658916,0.148894918354927,0,10
"33915",-73.88748,39.65884,0.21344472050987,0,10
"33916",-73.86303,39.658993,0.194033999861858,0,10
"34156",-74.13241,39.63152,0.100001876722672,0,10
"34157",-74.10797,39.631466,0.100001876722672,0,10
"34158",-74.083534,39.63151,0.0999103167196154,0,10
"34159",-74.05908,39.63173,0.100001876722672,0,10
"34160",-74.03464,39.63166,0.0998187567165587,0,10
"34161",-74.01019,39.631687,0.0999103167196154,0,10
"34162",-73.985756,39.63161,0.100001876722672,0,10
"34163",-73.96131,39.631783,0.0999103167196154,0,10
"34164",-73.93687,39.631798,0.148345558336587,0,10
"34165",-73.912415,39.631985,0.149993638391607,0,10
"34166",-73.88798,39.63191,0.148437118339643,0,10
"34167",-73.863525,39.632065,0.187350119638722,0,10
"34406",-74.157234,39.6042,0.0998187567165587,0,10
"34407",-74.1328,39.604435,0.0997271967135021,0,10
"34408",-74.10837,39.604378,0.0998187567165587,0,10
"34409",-74.08394,39.604424,0.0998187567165587,0,10
"34410",-74.0595,39.60464,0.0997271967135021,0,10
"34411",-74.03507,39.604572,0.0999103167196154,0,10
"34412",-74.01064,39.604626,0.0999103167196154,0,10
"34413",-73.986206,39.604546,0.0997271967135021,0,10
"34414",-73.96178,39.604694,0.0999103167196154,0,10
"34415",-73.93735,39.60471,0.0998187567165587,0,10
"34416",-73.9129,39.6049,0.144316918202094,0,10
"34417",-73.888466,39.60482,0.149718958382437,0,10
"34418",-73.86403,39.604977,0.346481404951192,0,10
"34657",-74.157616,39.576935,0.0997271967135021,0,10
"34658",-74.13319,39.577168,0.0998187567165587,0,10
"34659",-74.10877,39.577087,0.0996356367104454,0,10
"34660",-74.08435,39.57716,0.0996356367104454,0,10
"34661",-74.05993,39.577354,0.0999103167196154,0,10
"34662",-74.03551,39.57731,0.0999103167196154,0,10
"34663",-74.011086,39.577335,0.0996356367104454,0,10
"34664",-73.986664,39.57728,0.0998187567165587,0,10
"34665",-73.96224,39.577457,0.100001876722672,0,10
"34666",-73.93782,39.577465,0.149718958382437,0,10
"34667",-73.91339,39.57766,0.0999103167196154,0,10
"34668",-73.88898,39.577557,0.305279403575696,0,10
"34669",-73.86455,39.57771,0.180208439400303,0,10
"34906",-74.206795,39.550186,0.0644765955366893,0,10
"34907",-74.18239,39.550144,0.100001876722672,0,10
"34908",-74.15799,39.549973,0.0999103167196154,0,10
"34909",-74.133575,39.55021,0.100001876722672,0,10
"34910",-74.10917,39.550236,0.0994525167043321,0,10
"34911",-74.08476,39.550198,0.0999103167196154,0,10
"34912",-74.06034,39.55042,0.0998187567165587,0,10
"34913",-74.035934,39.550453,0.100001876722672,0,10
"34914",-74.01152,39.550404,0.0995440767073887,0,10
"34915",-73.98711,39.550426,0.100001876722672,0,10
"34916",-73.9627,39.550575,0.0999103167196154,0,10
"34917",-73.93829,39.550488,0.148620238345757,0,10
"34918",-73.91387,39.550674,0.100001876722672,0,10
"34919",-73.889465,39.55068,0.143950678189867,0,10
"34920",-73.86505,39.55083,0.407826606999151,0,10
"34921",-73.84064,39.550747,0.213536280512926,0,10
"35156",-74.23155,39.52288,0.100001876722672,0,10
"35158",-74.18276,39.52309,0.0993609567012754,0,10
"35159",-74.15836,39.52292,0.0997271967135021,0,10
"35160",-74.13396,39.52315,0.0997271967135021,0,10
"35161",-74.10956,39.52318,0.0989031566859921,0,10
"35162",-74.08517,39.523144,0.0994525167043321,0,10
"35163",-74.06076,39.52334,0.0994525167043321,0,10
"35164",-74.03636,39.5234,0.0997271967135021,0,10
"35165",-74.01196,39.523323,0.0997271967135021,0,10
"35166",-73.987564,39.523373,0.0999103167196154,0,10
"35167",-73.963165,39.52351,0.0997271967135021,0,10
"35168",-73.93877,39.523453,0.0998187567165587,0,10
"35169",-73.91435,39.523617,0.148437118339643,0,10
"35170",-73.88995,39.523624,0.318738724025025,0,10
"35171",-73.865555,39.523773,0.149444278373267,0,10
"35172",-73.841156,39.523666,0.198978240026918,0,10
